chain,taxonomy,risk_level,risk_category,taxonomy_ids,source_file,copied_file,copied
ethereum,T1_UNSEPARATED_SIGNING_DOMAIN,High,missing_eip191_prefix,T1_UNSEPARATED_SIGNING_DOMAIN,/home/ashok/ashokTests/smart-contract-data-source/etherscan_verified_sources/ethereum/verified_sources/2024/0x2566f2e7acc73380d9a442b177a8dc2af52b2a9a_RioLRTCoordinator.sol,/home/ashok/ashokTests/smart-contract-data-source/domain_separator_analysis/manual_check_corrected_20260618_153701/ethereum/001_T1_UNSEPARATED_SIGNING_DOMAIN_0x2566f2e7acc73380d9a442b177a8dc2af52b2a9a_RioLRTCoordinator.sol,yes
ethereum,T1_UNSEPARATED_SIGNING_DOMAIN,High,"missing_domain_separator,missing_eip191_prefix",T1_UNSEPARATED_SIGNING_DOMAIN,/home/ashok/ashokTests/smart-contract-data-source/etherscan_verified_sources/ethereum/verified_sources/2020/0x787cdf337b66e10de9191bb7a26e2128b52c6390_StakingRewards.sol,/home/ashok/ashokTests/smart-contract-data-source/domain_separator_analysis/manual_check_corrected_20260618_153701/ethereum/002_T1_UNSEPARATED_SIGNING_DOMAIN_0x787cdf337b66e10de9191bb7a26e2128b52c6390_StakingRewards.sol,yes
ethereum,T1_UNSEPARATED_SIGNING_DOMAIN,High,"missing_eip191_prefix,missing_logical_domain_disambiguator","T1_UNSEPARATED_SIGNING_DOMAIN,T4_LOGICAL_DOMAIN_REPLAY",/home/ashok/ashokTests/smart-contract-data-source/etherscan_verified_sources/ethereum/verified_sources/2020/0x0a32167dfa4eada6758d77b7ac27f76e8a723df2_Settlement.sol,/home/ashok/ashokTests/smart-contract-data-source/domain_separator_analysis/manual_check_corrected_20260618_153701/ethereum/003_T1_UNSEPARATED_SIGNING_DOMAIN_0x0a32167dfa4eada6758d77b7ac27f76e8a723df2_Settlement.sol,yes
ethereum,T1_UNSEPARATED_SIGNING_DOMAIN,High,missing_eip191_prefix,T1_UNSEPARATED_SIGNING_DOMAIN,/home/ashok/ashokTests/smart-contract-data-source/etherscan_verified_sources/ethereum/verified_sources/2024/0xe1bd289783d5c5370aff70cd58b0bafae3b710d2_PreOrder.sol,/home/ashok/ashokTests/smart-contract-data-source/domain_separator_analysis/manual_check_corrected_20260618_153701/ethereum/004_T1_UNSEPARATED_SIGNING_DOMAIN_0xe1bd289783d5c5370aff70cd58b0bafae3b710d2_PreOrder.sol,yes
ethereum,T1_UNSEPARATED_SIGNING_DOMAIN,High,"missing_domain_separator,missing_eip191_prefix",T1_UNSEPARATED_SIGNING_DOMAIN,/home/ashok/ashokTests/smart-contract-data-source/etherscan_verified_sources/ethereum/verified_sources/2022/0xb7113ff8f7a56403cedf02ff103b57f3e6fabd3d_MerkledropFactory.sol,/home/ashok/ashokTests/smart-contract-data-source/domain_separator_analysis/manual_check_corrected_20260618_153701/ethereum/005_T1_UNSEPARATED_SIGNING_DOMAIN_0xb7113ff8f7a56403cedf02ff103b57f3e6fabd3d_MerkledropFactory.sol,yes
ethereum,T1_UNSEPARATED_SIGNING_DOMAIN,High,"missing_eip191_prefix,missing_logical_domain_disambiguator","T1_UNSEPARATED_SIGNING_DOMAIN,T4_LOGICAL_DOMAIN_REPLAY",/home/ashok/ashokTests/smart-contract-data-source/etherscan_verified_sources/ethereum/verified_sources/2022/0xaf6e66f6d2a52e2fed343e47b75f3f1b790ba5e2_PlaygroundRouter.sol,/home/ashok/ashokTests/smart-contract-data-source/domain_separator_analysis/manual_check_corrected_20260618_153701/ethereum/006_T1_UNSEPARATED_SIGNING_DOMAIN_0xaf6e66f6d2a52e2fed343e47b75f3f1b790ba5e2_PlaygroundRouter.sol,yes
ethereum,T2_CROSS_CHAIN_REPLAY,High,"missing_chainId,missing_eip191_prefix,missing_verifyingContract","T1_UNSEPARATED_SIGNING_DOMAIN,T2_CROSS_CHAIN_REPLAY,T3_CROSS_CONTRACT_REPLAY",/home/ashok/ashokTests/smart-contract-data-source/etherscan_verified_sources/ethereum/verified_sources/2025/0xa3bdb3a57626900e4dd9cc1c2c07ba60f4a44fbc_EthAaveLeverageStrategy.sol,/home/ashok/ashokTests/smart-contract-data-source/domain_separator_analysis/manual_check_corrected_20260618_153701/ethereum/007_T2_CROSS_CHAIN_REPLAY_0xa3bdb3a57626900e4dd9cc1c2c07ba60f4a44fbc_EthAaveLeverageStrategy.sol,yes
ethereum,T2_CROSS_CHAIN_REPLAY,High,"hardcoded_chainId,stale_cached_DOMAIN_SEPARATOR","T2_CROSS_CHAIN_REPLAY,T5_DOMAIN_FRESHNESS_FAILURE",/home/ashok/ashokTests/smart-contract-data-source/etherscan_verified_sources/ethereum/verified_sources/2021/0x32e255ed9e9f703563118ab5211ace4f80ce6279_Coin.sol,/home/ashok/ashokTests/smart-contract-data-source/domain_separator_analysis/manual_check_corrected_20260618_153701/ethereum/008_T2_CROSS_CHAIN_REPLAY_0x32e255ed9e9f703563118ab5211ace4f80ce6279_Coin.sol,yes
ethereum,T2_CROSS_CHAIN_REPLAY,High,"incorrect_verifyingContract,missing_chainId,proxy_stale_domain","T2_CROSS_CHAIN_REPLAY,T3_CROSS_CONTRACT_REPLAY,T5_DOMAIN_FRESHNESS_FAILURE",/home/ashok/ashokTests/smart-contract-data-source/etherscan_verified_sources/ethereum/verified_sources/2025/0x7600192ec07444df13b041d23a598b885ff4018d_SrcBridge.sol,/home/ashok/ashokTests/smart-contract-data-source/domain_separator_analysis/manual_check_corrected_20260618_153701/ethereum/009_T2_CROSS_CHAIN_REPLAY_0x7600192ec07444df13b041d23a598b885ff4018d_SrcBridge.sol,yes
ethereum,T2_CROSS_CHAIN_REPLAY,High,"incorrect_verifyingContract,missing_chainId,proxy_stale_domain","T2_CROSS_CHAIN_REPLAY,T3_CROSS_CONTRACT_REPLAY,T5_DOMAIN_FRESHNESS_FAILURE",/home/ashok/ashokTests/smart-contract-data-source/etherscan_verified_sources/ethereum/verified_sources/2025/0xca0d26a9c82d0b6133e624ce26f7d7d50ebe71cb_SrcBridge.sol,/home/ashok/ashokTests/smart-contract-data-source/domain_separator_analysis/manual_check_corrected_20260618_153701/ethereum/010_T2_CROSS_CHAIN_REPLAY_0xca0d26a9c82d0b6133e624ce26f7d7d50ebe71cb_SrcBridge.sol,yes
ethereum,T2_CROSS_CHAIN_REPLAY,High,"hardcoded_chainId,stale_cached_DOMAIN_SEPARATOR","T2_CROSS_CHAIN_REPLAY,T5_DOMAIN_FRESHNESS_FAILURE",/home/ashok/ashokTests/smart-contract-data-source/etherscan_verified_sources/ethereum/verified_sources/2020/0xed324e10e9ca6797412a1b7d1666594fc73eea50_YFICOIN.sol,/home/ashok/ashokTests/smart-contract-data-source/domain_separator_analysis/manual_check_corrected_20260618_153701/ethereum/011_T2_CROSS_CHAIN_REPLAY_0xed324e10e9ca6797412a1b7d1666594fc73eea50_YFICOIN.sol,yes
ethereum,T2_CROSS_CHAIN_REPLAY,High,hardcoded_chainId,T2_CROSS_CHAIN_REPLAY,/home/ashok/ashokTests/smart-contract-data-source/etherscan_verified_sources/ethereum/verified_sources/2020/0xa117000000e374afd3689c684010fb13418a6b25_ANTv2.sol,/home/ashok/ashokTests/smart-contract-data-source/domain_separator_analysis/manual_check_corrected_20260618_153701/ethereum/012_T2_CROSS_CHAIN_REPLAY_0xa117000000e374afd3689c684010fb13418a6b25_ANTv2.sol,yes
ethereum,T3_CROSS_CONTRACT_REPLAY,High,"hardcoded_chainId,incorrect_verifyingContract","T2_CROSS_CHAIN_REPLAY,T3_CROSS_CONTRACT_REPLAY",/home/ashok/ashokTests/smart-contract-data-source/etherscan_verified_sources/ethereum/verified_sources/2024/0xdfb3d291ba493e7a3c835f0edba0b1b52979609a_ZoraCreator1155PremintExecutorImpl.sol,/home/ashok/ashokTests/smart-contract-data-source/domain_separator_analysis/manual_check_corrected_20260618_153701/ethereum/013_T3_CROSS_CONTRACT_REPLAY_0xdfb3d291ba493e7a3c835f0edba0b1b52979609a_ZoraCreator1155PremintExecutorImpl.sol,yes
ethereum,T3_CROSS_CONTRACT_REPLAY,High,"incorrect_verifyingContract,missing_chainId,missing_logical_domain_disambiguator","T2_CROSS_CHAIN_REPLAY,T3_CROSS_CONTRACT_REPLAY,T4_LOGICAL_DOMAIN_REPLAY",/home/ashok/ashokTests/smart-contract-data-source/etherscan_verified_sources/ethereum/verified_sources/2024/0x3067f32b868a3e59958f0d8c598b69016adb328f_EETHDepositHelper.sol,/home/ashok/ashokTests/smart-contract-data-source/domain_separator_analysis/manual_check_corrected_20260618_153701/ethereum/014_T3_CROSS_CONTRACT_REPLAY_0x3067f32b868a3e59958f0d8c598b69016adb328f_EETHDepositHelper.sol,yes
ethereum,T3_CROSS_CONTRACT_REPLAY,High,"hardcoded_chainId,incorrect_verifyingContract","T2_CROSS_CHAIN_REPLAY,T3_CROSS_CONTRACT_REPLAY",/home/ashok/ashokTests/smart-contract-data-source/etherscan_verified_sources/ethereum/verified_sources/2024/0xd8f6cf234ee4b689099677bd94fba0b1e005181d_ZoraCreator1155PremintExecutorImpl.sol,/home/ashok/ashokTests/smart-contract-data-source/domain_separator_analysis/manual_check_corrected_20260618_153701/ethereum/015_T3_CROSS_CONTRACT_REPLAY_0xd8f6cf234ee4b689099677bd94fba0b1e005181d_ZoraCreator1155PremintExecutorImpl.sol,yes
ethereum,T3_CROSS_CONTRACT_REPLAY,High,"incorrect_verifyingContract,missing_eip191_prefix","T1_UNSEPARATED_SIGNING_DOMAIN,T3_CROSS_CONTRACT_REPLAY",/home/ashok/ashokTests/smart-contract-data-source/etherscan_verified_sources/ethereum/verified_sources/2020/0xb6ca5a72c3df4f9be1aefedda05bef948994cb83_Dollar.sol,/home/ashok/ashokTests/smart-contract-data-source/domain_separator_analysis/manual_check_corrected_20260618_153701/ethereum/016_T3_CROSS_CONTRACT_REPLAY_0xb6ca5a72c3df4f9be1aefedda05bef948994cb83_Dollar.sol,yes
ethereum,T3_CROSS_CONTRACT_REPLAY,High,"incorrect_verifyingContract,missing_eip191_prefix","T1_UNSEPARATED_SIGNING_DOMAIN,T3_CROSS_CONTRACT_REPLAY",/home/ashok/ashokTests/smart-contract-data-source/etherscan_verified_sources/ethereum/verified_sources/2021/0x897ae928852d3521d164f22af096d9f778b7ebdf_Dollar.sol,/home/ashok/ashokTests/smart-contract-data-source/domain_separator_analysis/manual_check_corrected_20260618_153701/ethereum/017_T3_CROSS_CONTRACT_REPLAY_0x897ae928852d3521d164f22af096d9f778b7ebdf_Dollar.sol,yes
ethereum,T3_CROSS_CONTRACT_REPLAY,High,"hardcoded_chainId,incorrect_verifyingContract,proxy_stale_domain","T2_CROSS_CHAIN_REPLAY,T3_CROSS_CONTRACT_REPLAY,T5_DOMAIN_FRESHNESS_FAILURE",/home/ashok/ashokTests/smart-contract-data-source/etherscan_verified_sources/ethereum/verified_sources/2023/0xbeb09beb09e95e6febf0d6eeb1d0d46d1013cc3c_BebopAggregationContract.sol,/home/ashok/ashokTests/smart-contract-data-source/domain_separator_analysis/manual_check_corrected_20260618_153701/ethereum/018_T3_CROSS_CONTRACT_REPLAY_0xbeb09beb09e95e6febf0d6eeb1d0d46d1013cc3c_BebopAggregationContract.sol,yes
ethereum,T4_LOGICAL_DOMAIN_REPLAY,High,"missing_eip191_prefix,missing_logical_domain_disambiguator","T1_UNSEPARATED_SIGNING_DOMAIN,T4_LOGICAL_DOMAIN_REPLAY",/home/ashok/ashokTests/smart-contract-data-source/etherscan_verified_sources/ethereum/verified_sources/2021/0xd31df163963480cdc043221df80cec461ddab80e_HorusRouter02.sol,/home/ashok/ashokTests/smart-contract-data-source/domain_separator_analysis/manual_check_corrected_20260618_153701/ethereum/019_T4_LOGICAL_DOMAIN_REPLAY_0xd31df163963480cdc043221df80cec461ddab80e_HorusRouter02.sol,yes
ethereum,T4_LOGICAL_DOMAIN_REPLAY,High,"missing_eip191_prefix,missing_logical_domain_disambiguator","T1_UNSEPARATED_SIGNING_DOMAIN,T4_LOGICAL_DOMAIN_REPLAY",/home/ashok/ashokTests/smart-contract-data-source/etherscan_verified_sources/ethereum/verified_sources/2023/0x86d7beb06908a2898ffcb535fe9c794be2d98240_UniswapV2Router02.sol,/home/ashok/ashokTests/smart-contract-data-source/domain_separator_analysis/manual_check_corrected_20260618_153701/ethereum/020_T4_LOGICAL_DOMAIN_REPLAY_0x86d7beb06908a2898ffcb535fe9c794be2d98240_UniswapV2Router02.sol,yes
ethereum,T4_LOGICAL_DOMAIN_REPLAY,High,"missing_eip191_prefix,missing_logical_domain_disambiguator","T1_UNSEPARATED_SIGNING_DOMAIN,T4_LOGICAL_DOMAIN_REPLAY",/home/ashok/ashokTests/smart-contract-data-source/etherscan_verified_sources/ethereum/verified_sources/2025/0xbe82113a671b69d07dce65cd30618d315d3d7c34_PoolInstance.sol,/home/ashok/ashokTests/smart-contract-data-source/domain_separator_analysis/manual_check_corrected_20260618_153701/ethereum/021_T4_LOGICAL_DOMAIN_REPLAY_0xbe82113a671b69d07dce65cd30618d315d3d7c34_PoolInstance.sol,yes
ethereum,T4_LOGICAL_DOMAIN_REPLAY,High,"missing_eip191_prefix,missing_logical_domain_disambiguator","T1_UNSEPARATED_SIGNING_DOMAIN,T4_LOGICAL_DOMAIN_REPLAY",/home/ashok/ashokTests/smart-contract-data-source/etherscan_verified_sources/ethereum/verified_sources/2021/0x344dd70a81aee91421f06ee2fed1bde1689b5405_NimbusRouter.sol,/home/ashok/ashokTests/smart-contract-data-source/domain_separator_analysis/manual_check_corrected_20260618_153701/ethereum/022_T4_LOGICAL_DOMAIN_REPLAY_0x344dd70a81aee91421f06ee2fed1bde1689b5405_NimbusRouter.sol,yes
ethereum,T4_LOGICAL_DOMAIN_REPLAY,High,"missing_eip191_prefix,missing_logical_domain_disambiguator","T1_UNSEPARATED_SIGNING_DOMAIN,T4_LOGICAL_DOMAIN_REPLAY",/home/ashok/ashokTests/smart-contract-data-source/etherscan_verified_sources/ethereum/verified_sources/2026/0x5802d6efd26303d3f933182651b9687a2733f410_OrbtMMStrategy.sol,/home/ashok/ashokTests/smart-contract-data-source/domain_separator_analysis/manual_check_corrected_20260618_153701/ethereum/023_T4_LOGICAL_DOMAIN_REPLAY_0x5802d6efd26303d3f933182651b9687a2733f410_OrbtMMStrategy.sol,yes
ethereum,T4_LOGICAL_DOMAIN_REPLAY,Medium,zero_salt_used,T4_LOGICAL_DOMAIN_REPLAY,/home/ashok/ashokTests/smart-contract-data-source/etherscan_verified_sources/ethereum/verified_sources/2023/0xab634e638870e8e209e62b33a3df7caa33c83092_GaslessV3.sol,/home/ashok/ashokTests/smart-contract-data-source/domain_separator_analysis/manual_check_corrected_20260618_153701/ethereum/024_T4_LOGICAL_DOMAIN_REPLAY_0xab634e638870e8e209e62b33a3df7caa33c83092_GaslessV3.sol,yes
ethereum,T5_DOMAIN_FRESHNESS_FAILURE,High,stale_cached_DOMAIN_SEPARATOR,T5_DOMAIN_FRESHNESS_FAILURE,/home/ashok/ashokTests/smart-contract-data-source/etherscan_verified_sources/ethereum/verified_sources/2022/0x2f0c7c98462651bb2102f6cd05acdad333e031b0_SicleFactory.sol,/home/ashok/ashokTests/smart-contract-data-source/domain_separator_analysis/manual_check_corrected_20260618_153701/ethereum/025_T5_DOMAIN_FRESHNESS_FAILURE_0x2f0c7c98462651bb2102f6cd05acdad333e031b0_SicleFactory.sol,yes
ethereum,T5_DOMAIN_FRESHNESS_FAILURE,High,stale_cached_DOMAIN_SEPARATOR,T5_DOMAIN_FRESHNESS_FAILURE,/home/ashok/ashokTests/smart-contract-data-source/etherscan_verified_sources/ethereum/verified_sources/2020/0x44718d306a8fa89545704ae38b2b97c06bf11fc1_RestrictedToken.sol,/home/ashok/ashokTests/smart-contract-data-source/domain_separator_analysis/manual_check_corrected_20260618_153701/ethereum/026_T5_DOMAIN_FRESHNESS_FAILURE_0x44718d306a8fa89545704ae38b2b97c06bf11fc1_RestrictedToken.sol,yes
ethereum,T5_DOMAIN_FRESHNESS_FAILURE,High,stale_cached_DOMAIN_SEPARATOR,T5_DOMAIN_FRESHNESS_FAILURE,/home/ashok/ashokTests/smart-contract-data-source/etherscan_verified_sources/ethereum/verified_sources/2022/0x101816545f6bd2b1076434b54383a1e633390a2e_Pool.sol,/home/ashok/ashokTests/smart-contract-data-source/domain_separator_analysis/manual_check_corrected_20260618_153701/ethereum/027_T5_DOMAIN_FRESHNESS_FAILURE_0x101816545f6bd2b1076434b54383a1e633390a2e_Pool.sol,yes
ethereum,T5_DOMAIN_FRESHNESS_FAILURE,High,stale_cached_DOMAIN_SEPARATOR,T5_DOMAIN_FRESHNESS_FAILURE,/home/ashok/ashokTests/smart-contract-data-source/etherscan_verified_sources/ethereum/verified_sources/2023/0x8a19be9dd6f5b811865ed7b09519880193245530_ZeroXFactory.sol,/home/ashok/ashokTests/smart-contract-data-source/domain_separator_analysis/manual_check_corrected_20260618_153701/ethereum/028_T5_DOMAIN_FRESHNESS_FAILURE_0x8a19be9dd6f5b811865ed7b09519880193245530_ZeroXFactory.sol,yes
ethereum,T5_DOMAIN_FRESHNESS_FAILURE,High,stale_cached_DOMAIN_SEPARATOR,T5_DOMAIN_FRESHNESS_FAILURE,/home/ashok/ashokTests/smart-contract-data-source/etherscan_verified_sources/ethereum/verified_sources/2020/0xbb372b54f3bb3a5a2c2e669bebc54ccf4fa97af7_Wrapped777.sol,/home/ashok/ashokTests/smart-contract-data-source/domain_separator_analysis/manual_check_corrected_20260618_153701/ethereum/029_T5_DOMAIN_FRESHNESS_FAILURE_0xbb372b54f3bb3a5a2c2e669bebc54ccf4fa97af7_Wrapped777.sol,yes
ethereum,T5_DOMAIN_FRESHNESS_FAILURE,High,stale_cached_DOMAIN_SEPARATOR,T5_DOMAIN_FRESHNESS_FAILURE,/home/ashok/ashokTests/smart-contract-data-source/etherscan_verified_sources/ethereum/verified_sources/2022/0xf4db6f2d56c4edfd77d9a888452c835053096b75_RARESwapFactory.sol,/home/ashok/ashokTests/smart-contract-data-source/domain_separator_analysis/manual_check_corrected_20260618_153701/ethereum/030_T5_DOMAIN_FRESHNESS_FAILURE_0xf4db6f2d56c4edfd77d9a888452c835053096b75_RARESwapFactory.sol,yes
bsc,T1_UNSEPARATED_SIGNING_DOMAIN,High,"missing_eip191_prefix,missing_logical_domain_disambiguator","T1_UNSEPARATED_SIGNING_DOMAIN,T4_LOGICAL_DOMAIN_REPLAY",/home/ashok/ashokTests/smart-contract-data-source/etherscan_verified_sources/binance/verified_sources/2021/0x974a8959c52f6109c59d0a6d63d4ea4cc522dfa2_OniRouter02.sol,/home/ashok/ashokTests/smart-contract-data-source/domain_separator_analysis/manual_check_corrected_20260618_153701/bsc/001_T1_UNSEPARATED_SIGNING_DOMAIN_0x974a8959c52f6109c59d0a6d63d4ea4cc522dfa2_OniRouter02.sol,yes
bsc,T1_UNSEPARATED_SIGNING_DOMAIN,High,missing_eip191_prefix,T1_UNSEPARATED_SIGNING_DOMAIN,/home/ashok/ashokTests/smart-contract-data-source/etherscan_verified_sources/binance/verified_sources/2025/0x58769d5ab72e252d611f9c6979e9b735f5a95e0b_V3Migrator.sol,/home/ashok/ashokTests/smart-contract-data-source/domain_separator_analysis/manual_check_corrected_20260618_153701/bsc/002_T1_UNSEPARATED_SIGNING_DOMAIN_0x58769d5ab72e252d611f9c6979e9b735f5a95e0b_V3Migrator.sol,yes
bsc,T1_UNSEPARATED_SIGNING_DOMAIN,High,missing_eip191_prefix,T1_UNSEPARATED_SIGNING_DOMAIN,/home/ashok/ashokTests/smart-contract-data-source/etherscan_verified_sources/binance/verified_sources/2023/0xdef3d714bae5bf2e867b8d45e7c82dd55147ca5e_Exchange.sol,/home/ashok/ashokTests/smart-contract-data-source/domain_separator_analysis/manual_check_corrected_20260618_153701/bsc/003_T1_UNSEPARATED_SIGNING_DOMAIN_0xdef3d714bae5bf2e867b8d45e7c82dd55147ca5e_Exchange.sol,yes
bsc,T1_UNSEPARATED_SIGNING_DOMAIN,High,"missing_eip191_prefix,missing_logical_domain_disambiguator","T1_UNSEPARATED_SIGNING_DOMAIN,T4_LOGICAL_DOMAIN_REPLAY",/home/ashok/ashokTests/smart-contract-data-source/etherscan_verified_sources/binance/verified_sources/2022/0x4fd7d13c126ece5c3fe7a839871b242971d259b3_IswapV1Router02.sol,/home/ashok/ashokTests/smart-contract-data-source/domain_separator_analysis/manual_check_corrected_20260618_153701/bsc/004_T1_UNSEPARATED_SIGNING_DOMAIN_0x4fd7d13c126ece5c3fe7a839871b242971d259b3_IswapV1Router02.sol,yes
bsc,T1_UNSEPARATED_SIGNING_DOMAIN,High,"missing_eip191_prefix,missing_logical_domain_disambiguator","T1_UNSEPARATED_SIGNING_DOMAIN,T4_LOGICAL_DOMAIN_REPLAY",/home/ashok/ashokTests/smart-contract-data-source/etherscan_verified_sources/binance/verified_sources/2025/0xb4ea02dda4295148097a2d56715408971c8f474e_GCRouter.sol,/home/ashok/ashokTests/smart-contract-data-source/domain_separator_analysis/manual_check_corrected_20260618_153701/bsc/005_T1_UNSEPARATED_SIGNING_DOMAIN_0xb4ea02dda4295148097a2d56715408971c8f474e_GCRouter.sol,yes
bsc,T1_UNSEPARATED_SIGNING_DOMAIN,High,"missing_eip191_prefix,missing_logical_domain_disambiguator","T1_UNSEPARATED_SIGNING_DOMAIN,T4_LOGICAL_DOMAIN_REPLAY",/home/ashok/ashokTests/smart-contract-data-source/etherscan_verified_sources/binance/verified_sources/2021/0x3bca8c47729620d36011c340970860c14acb58b9_WizardRouter.sol,/home/ashok/ashokTests/smart-contract-data-source/domain_separator_analysis/manual_check_corrected_20260618_153701/bsc/006_T1_UNSEPARATED_SIGNING_DOMAIN_0x3bca8c47729620d36011c340970860c14acb58b9_WizardRouter.sol,yes
bsc,T2_CROSS_CHAIN_REPLAY,High,"hardcoded_chainId,stale_cached_DOMAIN_SEPARATOR","T2_CROSS_CHAIN_REPLAY,T5_DOMAIN_FRESHNESS_FAILURE",/home/ashok/ashokTests/smart-contract-data-source/etherscan_verified_sources/binance/verified_sources/2021/0xa126c73d1bdf3a3d5f719a8d38a4692186e7503f_PermittableToken.sol,/home/ashok/ashokTests/smart-contract-data-source/domain_separator_analysis/manual_check_corrected_20260618_153701/bsc/007_T2_CROSS_CHAIN_REPLAY_0xa126c73d1bdf3a3d5f719a8d38a4692186e7503f_PermittableToken.sol,yes
bsc,T2_CROSS_CHAIN_REPLAY,High,"hardcoded_chainId,missing_chainId,stale_cached_DOMAIN_SEPARATOR","T2_CROSS_CHAIN_REPLAY,T5_DOMAIN_FRESHNESS_FAILURE",/home/ashok/ashokTests/smart-contract-data-source/etherscan_verified_sources/binance/verified_sources/2023/0x296ffa29358933246eac107cb4ee309a2c29ef39_FilterFactory.sol,/home/ashok/ashokTests/smart-contract-data-source/domain_separator_analysis/manual_check_corrected_20260618_153701/bsc/008_T2_CROSS_CHAIN_REPLAY_0x296ffa29358933246eac107cb4ee309a2c29ef39_FilterFactory.sol,yes
bsc,T2_CROSS_CHAIN_REPLAY,High,"hardcoded_chainId,missing_eip191_prefix","T1_UNSEPARATED_SIGNING_DOMAIN,T2_CROSS_CHAIN_REPLAY",/home/ashok/ashokTests/smart-contract-data-source/etherscan_verified_sources/binance/verified_sources/2022/0x9be78e4204d5064bf893c0e468970da4a22874cf_DFSMafia.sol,/home/ashok/ashokTests/smart-contract-data-source/domain_separator_analysis/manual_check_corrected_20260618_153701/bsc/009_T2_CROSS_CHAIN_REPLAY_0x9be78e4204d5064bf893c0e468970da4a22874cf_DFSMafia.sol,yes
bsc,T2_CROSS_CHAIN_REPLAY,High,hardcoded_chainId,T2_CROSS_CHAIN_REPLAY,/home/ashok/ashokTests/smart-contract-data-source/etherscan_verified_sources/binance/verified_sources/2026/0x726eb61ff42372e4d8343d548d396819bcceee19_LeverageRfqEngine.sol,/home/ashok/ashokTests/smart-contract-data-source/domain_separator_analysis/manual_check_corrected_20260618_153701/bsc/010_T2_CROSS_CHAIN_REPLAY_0x726eb61ff42372e4d8343d548d396819bcceee19_LeverageRfqEngine.sol,yes
bsc,T2_CROSS_CHAIN_REPLAY,High,"hardcoded_chainId,incorrect_verifyingContract","T2_CROSS_CHAIN_REPLAY,T3_CROSS_CONTRACT_REPLAY",/home/ashok/ashokTests/smart-contract-data-source/etherscan_verified_sources/binance/verified_sources/2021/0xe04e9fd5a06a02a2ebc773e500d19847fdab126f_Settlement.sol,/home/ashok/ashokTests/smart-contract-data-source/domain_separator_analysis/manual_check_corrected_20260618_153701/bsc/011_T2_CROSS_CHAIN_REPLAY_0xe04e9fd5a06a02a2ebc773e500d19847fdab126f_Settlement.sol,yes
bsc,T2_CROSS_CHAIN_REPLAY,High,"hardcoded_chainId,stale_cached_DOMAIN_SEPARATOR","T2_CROSS_CHAIN_REPLAY,T5_DOMAIN_FRESHNESS_FAILURE",/home/ashok/ashokTests/smart-contract-data-source/etherscan_verified_sources/binance/verified_sources/2023/0xc3cf6ae22a2f206f3c561c1b4bd934ca2c1d71ad_SolarFactory.sol,/home/ashok/ashokTests/smart-contract-data-source/domain_separator_analysis/manual_check_corrected_20260618_153701/bsc/012_T2_CROSS_CHAIN_REPLAY_0xc3cf6ae22a2f206f3c561c1b4bd934ca2c1d71ad_SolarFactory.sol,yes
bsc,T3_CROSS_CONTRACT_REPLAY,High,"hardcoded_chainId,incorrect_verifyingContract","T2_CROSS_CHAIN_REPLAY,T3_CROSS_CONTRACT_REPLAY",/home/ashok/ashokTests/smart-contract-data-source/etherscan_verified_sources/binance/verified_sources/2021/0x0ddeefeb2bc450e93121e9ccb126d8e4b5ece246_Settlement.sol,/home/ashok/ashokTests/smart-contract-data-source/domain_separator_analysis/manual_check_corrected_20260618_153701/bsc/013_T3_CROSS_CONTRACT_REPLAY_0x0ddeefeb2bc450e93121e9ccb126d8e4b5ece246_Settlement.sol,yes
bsc,T3_CROSS_CONTRACT_REPLAY,High,"incorrect_verifyingContract,missing_eip191_prefix","T1_UNSEPARATED_SIGNING_DOMAIN,T3_CROSS_CONTRACT_REPLAY",/home/ashok/ashokTests/smart-contract-data-source/etherscan_verified_sources/binance/verified_sources/2021/0xb2e7c9e25a9147db20d37f5880ddd1296488181b_Bigg.sol,/home/ashok/ashokTests/smart-contract-data-source/domain_separator_analysis/manual_check_corrected_20260618_153701/bsc/014_T3_CROSS_CONTRACT_REPLAY_0xb2e7c9e25a9147db20d37f5880ddd1296488181b_Bigg.sol,yes
bsc,T3_CROSS_CONTRACT_REPLAY,High,"hardcoded_chainId,incorrect_verifyingContract","T2_CROSS_CHAIN_REPLAY,T3_CROSS_CONTRACT_REPLAY",/home/ashok/ashokTests/smart-contract-data-source/etherscan_verified_sources/binance/verified_sources/2021/0x67cb3c07ef3f266d4d83a957bc4d1806fa9c390c_Settlement.sol,/home/ashok/ashokTests/smart-contract-data-source/domain_separator_analysis/manual_check_corrected_20260618_153701/bsc/015_T3_CROSS_CONTRACT_REPLAY_0x67cb3c07ef3f266d4d83a957bc4d1806fa9c390c_Settlement.sol,yes
bsc,T3_CROSS_CONTRACT_REPLAY,High,"hardcoded_chainId,incorrect_verifyingContract","T2_CROSS_CHAIN_REPLAY,T3_CROSS_CONTRACT_REPLAY",/home/ashok/ashokTests/smart-contract-data-source/etherscan_verified_sources/binance/verified_sources/2021/0x9eeda0102acfd9e3f1014dbdfe2f085309c69cac_Settlement.sol,/home/ashok/ashokTests/smart-contract-data-source/domain_separator_analysis/manual_check_corrected_20260618_153701/bsc/016_T3_CROSS_CONTRACT_REPLAY_0x9eeda0102acfd9e3f1014dbdfe2f085309c69cac_Settlement.sol,yes
bsc,T3_CROSS_CONTRACT_REPLAY,High,"hardcoded_chainId,incorrect_verifyingContract","T2_CROSS_CHAIN_REPLAY,T3_CROSS_CONTRACT_REPLAY",/home/ashok/ashokTests/smart-contract-data-source/etherscan_verified_sources/binance/verified_sources/2023/0xac81f64b141aec9820d71cb3a2f1c07b286de6a4_LimitOrderFacet.sol,/home/ashok/ashokTests/smart-contract-data-source/domain_separator_analysis/manual_check_corrected_20260618_153701/bsc/017_T3_CROSS_CONTRACT_REPLAY_0xac81f64b141aec9820d71cb3a2f1c07b286de6a4_LimitOrderFacet.sol,yes
bsc,T3_CROSS_CONTRACT_REPLAY,High,"incorrect_verifyingContract,missing_eip191_prefix","T1_UNSEPARATED_SIGNING_DOMAIN,T3_CROSS_CONTRACT_REPLAY",/home/ashok/ashokTests/smart-contract-data-source/etherscan_verified_sources/binance/verified_sources/2021/0x988ca1508277a1b092f8d815652723ee486eb07a_X0Bar.sol,/home/ashok/ashokTests/smart-contract-data-source/domain_separator_analysis/manual_check_corrected_20260618_153701/bsc/018_T3_CROSS_CONTRACT_REPLAY_0x988ca1508277a1b092f8d815652723ee486eb07a_X0Bar.sol,yes
bsc,T4_LOGICAL_DOMAIN_REPLAY,High,"missing_eip191_prefix,missing_logical_domain_disambiguator","T1_UNSEPARATED_SIGNING_DOMAIN,T4_LOGICAL_DOMAIN_REPLAY",/home/ashok/ashokTests/smart-contract-data-source/etherscan_verified_sources/binance/verified_sources/2021/0x29aa51fc9d1c80d317556cf406cd00cf52a81563_UniswapV2Router02.sol,/home/ashok/ashokTests/smart-contract-data-source/domain_separator_analysis/manual_check_corrected_20260618_153701/bsc/019_T4_LOGICAL_DOMAIN_REPLAY_0x29aa51fc9d1c80d317556cf406cd00cf52a81563_UniswapV2Router02.sol,yes
bsc,T4_LOGICAL_DOMAIN_REPLAY,High,"missing_domain_separator,missing_eip191_prefix,missing_logical_domain_disambiguator","T1_UNSEPARATED_SIGNING_DOMAIN,T4_LOGICAL_DOMAIN_REPLAY",/home/ashok/ashokTests/smart-contract-data-source/etherscan_verified_sources/binance/verified_sources/2021/0x2a374fc32f54713c286bc6ea2c7d934cf6170af3_DoublePool.sol,/home/ashok/ashokTests/smart-contract-data-source/domain_separator_analysis/manual_check_corrected_20260618_153701/bsc/020_T4_LOGICAL_DOMAIN_REPLAY_0x2a374fc32f54713c286bc6ea2c7d934cf6170af3_DoublePool.sol,yes
bsc,T4_LOGICAL_DOMAIN_REPLAY,High,"missing_eip191_prefix,missing_logical_domain_disambiguator","T1_UNSEPARATED_SIGNING_DOMAIN,T4_LOGICAL_DOMAIN_REPLAY",/home/ashok/ashokTests/smart-contract-data-source/etherscan_verified_sources/binance/verified_sources/2022/0x1500ae29c9f74a4e7a012b59d0c0c70b44ee7162_PancakeRouter.sol,/home/ashok/ashokTests/smart-contract-data-source/domain_separator_analysis/manual_check_corrected_20260618_153701/bsc/021_T4_LOGICAL_DOMAIN_REPLAY_0x1500ae29c9f74a4e7a012b59d0c0c70b44ee7162_PancakeRouter.sol,yes
bsc,T4_LOGICAL_DOMAIN_REPLAY,High,"missing_eip191_prefix,missing_logical_domain_disambiguator","T1_UNSEPARATED_SIGNING_DOMAIN,T4_LOGICAL_DOMAIN_REPLAY",/home/ashok/ashokTests/smart-contract-data-source/etherscan_verified_sources/binance/verified_sources/2022/0x67c2d0cacbe2c740ce8117cce8510649c7b75025_UniswapV2Router02.sol,/home/ashok/ashokTests/smart-contract-data-source/domain_separator_analysis/manual_check_corrected_20260618_153701/bsc/022_T4_LOGICAL_DOMAIN_REPLAY_0x67c2d0cacbe2c740ce8117cce8510649c7b75025_UniswapV2Router02.sol,yes
bsc,T4_LOGICAL_DOMAIN_REPLAY,High,"missing_eip191_prefix,missing_logical_domain_disambiguator","T1_UNSEPARATED_SIGNING_DOMAIN,T4_LOGICAL_DOMAIN_REPLAY",/home/ashok/ashokTests/smart-contract-data-source/etherscan_verified_sources/binance/verified_sources/2022/0x6fe77ed8781147c875391f96fde3b47c3b311a95_MeowRouter02.sol,/home/ashok/ashokTests/smart-contract-data-source/domain_separator_analysis/manual_check_corrected_20260618_153701/bsc/023_T4_LOGICAL_DOMAIN_REPLAY_0x6fe77ed8781147c875391f96fde3b47c3b311a95_MeowRouter02.sol,yes
bsc,T4_LOGICAL_DOMAIN_REPLAY,High,"missing_eip191_prefix,missing_logical_domain_disambiguator","T1_UNSEPARATED_SIGNING_DOMAIN,T4_LOGICAL_DOMAIN_REPLAY",/home/ashok/ashokTests/smart-contract-data-source/etherscan_verified_sources/binance/verified_sources/2026/0x9b63ca87919617d042a89663492db3c8686e0cae_SwapRouter.sol,/home/ashok/ashokTests/smart-contract-data-source/domain_separator_analysis/manual_check_corrected_20260618_153701/bsc/024_T4_LOGICAL_DOMAIN_REPLAY_0x9b63ca87919617d042a89663492db3c8686e0cae_SwapRouter.sol,yes
bsc,T5_DOMAIN_FRESHNESS_FAILURE,High,stale_cached_DOMAIN_SEPARATOR,T5_DOMAIN_FRESHNESS_FAILURE,/home/ashok/ashokTests/smart-contract-data-source/etherscan_verified_sources/binance/verified_sources/2022/0x7231a78dcec47fbab8e72bf1644bed307267e6eb_Factory.sol,/home/ashok/ashokTests/smart-contract-data-source/domain_separator_analysis/manual_check_corrected_20260618_153701/bsc/025_T5_DOMAIN_FRESHNESS_FAILURE_0x7231a78dcec47fbab8e72bf1644bed307267e6eb_Factory.sol,yes
bsc,T5_DOMAIN_FRESHNESS_FAILURE,High,stale_cached_DOMAIN_SEPARATOR,T5_DOMAIN_FRESHNESS_FAILURE,/home/ashok/ashokTests/smart-contract-data-source/etherscan_verified_sources/binance/verified_sources/2022/0x0b6f294666f0d888d4223e2d02aa3ee04185a4dc_Factory.sol,/home/ashok/ashokTests/smart-contract-data-source/domain_separator_analysis/manual_check_corrected_20260618_153701/bsc/026_T5_DOMAIN_FRESHNESS_FAILURE_0x0b6f294666f0d888d4223e2d02aa3ee04185a4dc_Factory.sol,yes
bsc,T5_DOMAIN_FRESHNESS_FAILURE,High,stale_cached_DOMAIN_SEPARATOR,T5_DOMAIN_FRESHNESS_FAILURE,/home/ashok/ashokTests/smart-contract-data-source/etherscan_verified_sources/binance/verified_sources/2023/0x667db0ea77980ff8cd30645168f78a02077091a8_UniswapV2Factory.sol,/home/ashok/ashokTests/smart-contract-data-source/domain_separator_analysis/manual_check_corrected_20260618_153701/bsc/027_T5_DOMAIN_FRESHNESS_FAILURE_0x667db0ea77980ff8cd30645168f78a02077091a8_UniswapV2Factory.sol,yes
bsc,T5_DOMAIN_FRESHNESS_FAILURE,High,"missing_eip191_prefix,stale_cached_DOMAIN_SEPARATOR","T1_UNSEPARATED_SIGNING_DOMAIN,T5_DOMAIN_FRESHNESS_FAILURE",/home/ashok/ashokTests/smart-contract-data-source/etherscan_verified_sources/binance/verified_sources/2022/0x7477007b3586b62dab12da078a7d659706d25e73_metaverseDAO.sol,/home/ashok/ashokTests/smart-contract-data-source/domain_separator_analysis/manual_check_corrected_20260618_153701/bsc/028_T5_DOMAIN_FRESHNESS_FAILURE_0x7477007b3586b62dab12da078a7d659706d25e73_metaverseDAO.sol,yes
bsc,T5_DOMAIN_FRESHNESS_FAILURE,High,proxy_stale_domain,T5_DOMAIN_FRESHNESS_FAILURE,/home/ashok/ashokTests/smart-contract-data-source/etherscan_verified_sources/binance/verified_sources/2023/0x99443f4c25a5b8681e60bf1d491cb84bfcb82639_StakingRewards.sol,/home/ashok/ashokTests/smart-contract-data-source/domain_separator_analysis/manual_check_corrected_20260618_153701/bsc/029_T5_DOMAIN_FRESHNESS_FAILURE_0x99443f4c25a5b8681e60bf1d491cb84bfcb82639_StakingRewards.sol,yes
bsc,T5_DOMAIN_FRESHNESS_FAILURE,High,stale_cached_DOMAIN_SEPARATOR,T5_DOMAIN_FRESHNESS_FAILURE,/home/ashok/ashokTests/smart-contract-data-source/etherscan_verified_sources/binance/verified_sources/2021/0xa2a86ff457cd112a2acee521304c732637f1e20c_PancakePair.sol,/home/ashok/ashokTests/smart-contract-data-source/domain_separator_analysis/manual_check_corrected_20260618_153701/bsc/030_T5_DOMAIN_FRESHNESS_FAILURE_0xa2a86ff457cd112a2acee521304c732637f1e20c_PancakePair.sol,yes
polygon,T1_UNSEPARATED_SIGNING_DOMAIN,High,"missing_domain_separator,missing_eip191_prefix",T1_UNSEPARATED_SIGNING_DOMAIN,/home/ashok/ashokTests/smart-contract-data-source/etherscan_verified_sources/polygon/verified_sources/2021/0x03a2c998a05b544b236fd51a44efe6505eb33a9a_StakingRewards.sol,/home/ashok/ashokTests/smart-contract-data-source/domain_separator_analysis/manual_check_corrected_20260618_153701/polygon/001_T1_UNSEPARATED_SIGNING_DOMAIN_0x03a2c998a05b544b236fd51a44efe6505eb33a9a_StakingRewards.sol,yes
polygon,T1_UNSEPARATED_SIGNING_DOMAIN,High,"missing_domain_separator,missing_eip191_prefix",T1_UNSEPARATED_SIGNING_DOMAIN,/home/ashok/ashokTests/smart-contract-data-source/etherscan_verified_sources/polygon/verified_sources/2021/0x9d2d1417f50cb197c6a30c997c62c23701bca01e_StakingRewards.sol,/home/ashok/ashokTests/smart-contract-data-source/domain_separator_analysis/manual_check_corrected_20260618_153701/polygon/002_T1_UNSEPARATED_SIGNING_DOMAIN_0x9d2d1417f50cb197c6a30c997c62c23701bca01e_StakingRewards.sol,yes
polygon,T1_UNSEPARATED_SIGNING_DOMAIN,High,missing_eip191_prefix,T1_UNSEPARATED_SIGNING_DOMAIN,/home/ashok/ashokTests/smart-contract-data-source/etherscan_verified_sources/polygon/verified_sources/2023/0xe1af9426d5535c7a42bc2eb5188ac714d43a8ff9_OCLRouter.sol,/home/ashok/ashokTests/smart-contract-data-source/domain_separator_analysis/manual_check_corrected_20260618_153701/polygon/003_T1_UNSEPARATED_SIGNING_DOMAIN_0xe1af9426d5535c7a42bc2eb5188ac714d43a8ff9_OCLRouter.sol,yes
polygon,T1_UNSEPARATED_SIGNING_DOMAIN,High,"missing_domain_separator,missing_eip191_prefix,missing_logical_domain_disambiguator","T1_UNSEPARATED_SIGNING_DOMAIN,T4_LOGICAL_DOMAIN_REPLAY",/home/ashok/ashokTests/smart-contract-data-source/etherscan_verified_sources/polygon/verified_sources/2022/0x1a91ff5fc7bdbe81cdbd694b5546d1c15307390e_SimpleFactory.sol,/home/ashok/ashokTests/smart-contract-data-source/domain_separator_analysis/manual_check_corrected_20260618_153701/polygon/004_T1_UNSEPARATED_SIGNING_DOMAIN_0x1a91ff5fc7bdbe81cdbd694b5546d1c15307390e_SimpleFactory.sol,yes
polygon,T1_UNSEPARATED_SIGNING_DOMAIN,High,"missing_eip191_prefix,proxy_stale_domain","T1_UNSEPARATED_SIGNING_DOMAIN,T5_DOMAIN_FRESHNESS_FAILURE",/home/ashok/ashokTests/smart-contract-data-source/etherscan_verified_sources/polygon/verified_sources/2026/0xb01a8e69c77518656f98520753017fdf4cd6ccaa_WalletContract.sol,/home/ashok/ashokTests/smart-contract-data-source/domain_separator_analysis/manual_check_corrected_20260618_153701/polygon/005_T1_UNSEPARATED_SIGNING_DOMAIN_0xb01a8e69c77518656f98520753017fdf4cd6ccaa_WalletContract.sol,yes
polygon,T1_UNSEPARATED_SIGNING_DOMAIN,High,"missing_eip191_prefix,proxy_stale_domain","T1_UNSEPARATED_SIGNING_DOMAIN,T5_DOMAIN_FRESHNESS_FAILURE",/home/ashok/ashokTests/smart-contract-data-source/etherscan_verified_sources/polygon/verified_sources/2026/0xe3bac8c0911326a74b43988c893508b783651481_WalletContract.sol,/home/ashok/ashokTests/smart-contract-data-source/domain_separator_analysis/manual_check_corrected_20260618_153701/polygon/006_T1_UNSEPARATED_SIGNING_DOMAIN_0xe3bac8c0911326a74b43988c893508b783651481_WalletContract.sol,yes
polygon,T2_CROSS_CHAIN_REPLAY,High,"incorrect_verifyingContract,missing_chainId","T2_CROSS_CHAIN_REPLAY,T3_CROSS_CONTRACT_REPLAY",/home/ashok/ashokTests/smart-contract-data-source/etherscan_verified_sources/polygon/verified_sources/2021/0xc8302a2c99da66c8a0051f3c2d3fbabab9f88392_StakingRewards.sol,/home/ashok/ashokTests/smart-contract-data-source/domain_separator_analysis/manual_check_corrected_20260618_153701/polygon/007_T2_CROSS_CHAIN_REPLAY_0xc8302a2c99da66c8a0051f3c2d3fbabab9f88392_StakingRewards.sol,yes
polygon,T2_CROSS_CHAIN_REPLAY,High,"incorrect_verifyingContract,missing_chainId","T2_CROSS_CHAIN_REPLAY,T3_CROSS_CONTRACT_REPLAY",/home/ashok/ashokTests/smart-contract-data-source/etherscan_verified_sources/polygon/verified_sources/2025/0x01bff41798a0bcf287b996046ca68b395dbc1071_UChildUSDT0.sol,/home/ashok/ashokTests/smart-contract-data-source/domain_separator_analysis/manual_check_corrected_20260618_153701/polygon/008_T2_CROSS_CHAIN_REPLAY_0x01bff41798a0bcf287b996046ca68b395dbc1071_UChildUSDT0.sol,yes
polygon,T2_CROSS_CHAIN_REPLAY,High,"incorrect_verifyingContract,missing_chainId","T2_CROSS_CHAIN_REPLAY,T3_CROSS_CONTRACT_REPLAY",/home/ashok/ashokTests/smart-contract-data-source/etherscan_verified_sources/polygon/verified_sources/2022/0x679b589759d2558d7261a78de05d4fbc69a2521b_StakingRewards.sol,/home/ashok/ashokTests/smart-contract-data-source/domain_separator_analysis/manual_check_corrected_20260618_153701/polygon/009_T2_CROSS_CHAIN_REPLAY_0x679b589759d2558d7261a78de05d4fbc69a2521b_StakingRewards.sol,yes
polygon,T2_CROSS_CHAIN_REPLAY,High,"incorrect_verifyingContract,missing_chainId","T2_CROSS_CHAIN_REPLAY,T3_CROSS_CONTRACT_REPLAY",/home/ashok/ashokTests/smart-contract-data-source/etherscan_verified_sources/polygon/verified_sources/2021/0x139d73e055308507b6718affab679c2186b6d90e_StakingRewards.sol,/home/ashok/ashokTests/smart-contract-data-source/domain_separator_analysis/manual_check_corrected_20260618_153701/polygon/010_T2_CROSS_CHAIN_REPLAY_0x139d73e055308507b6718affab679c2186b6d90e_StakingRewards.sol,yes
polygon,T2_CROSS_CHAIN_REPLAY,High,"hardcoded_chainId,incorrect_verifyingContract,proxy_stale_domain","T2_CROSS_CHAIN_REPLAY,T3_CROSS_CONTRACT_REPLAY,T5_DOMAIN_FRESHNESS_FAILURE",/home/ashok/ashokTests/smart-contract-data-source/etherscan_verified_sources/polygon/verified_sources/2022/0x7432f138165797b326b3f8adb923c949e4e1bca7_BebopAggregationContract.sol,/home/ashok/ashokTests/smart-contract-data-source/domain_separator_analysis/manual_check_corrected_20260618_153701/polygon/011_T2_CROSS_CHAIN_REPLAY_0x7432f138165797b326b3f8adb923c949e4e1bca7_BebopAggregationContract.sol,yes
polygon,T2_CROSS_CHAIN_REPLAY,High,"incorrect_verifyingContract,missing_chainId","T2_CROSS_CHAIN_REPLAY,T3_CROSS_CONTRACT_REPLAY",/home/ashok/ashokTests/smart-contract-data-source/etherscan_verified_sources/polygon/verified_sources/2021/0x2eb1c5318260d8bc1b5d187813bac32300e9ed04_StakingRewardsFactory.sol,/home/ashok/ashokTests/smart-contract-data-source/domain_separator_analysis/manual_check_corrected_20260618_153701/polygon/012_T2_CROSS_CHAIN_REPLAY_0x2eb1c5318260d8bc1b5d187813bac32300e9ed04_StakingRewardsFactory.sol,yes
polygon,T3_CROSS_CONTRACT_REPLAY,High,"incorrect_verifyingContract,missing_chainId","T2_CROSS_CHAIN_REPLAY,T3_CROSS_CONTRACT_REPLAY",/home/ashok/ashokTests/smart-contract-data-source/etherscan_verified_sources/polygon/verified_sources/2021/0x31078467238c31a81d80e20419f5fc3a4a1a9fb5_StakingRewards.sol,/home/ashok/ashokTests/smart-contract-data-source/domain_separator_analysis/manual_check_corrected_20260618_153701/polygon/013_T3_CROSS_CONTRACT_REPLAY_0x31078467238c31a81d80e20419f5fc3a4a1a9fb5_StakingRewards.sol,yes
polygon,T3_CROSS_CONTRACT_REPLAY,High,missing_verifyingContract,T3_CROSS_CONTRACT_REPLAY,/home/ashok/ashokTests/smart-contract-data-source/etherscan_verified_sources/polygon/verified_sources/2024/0xa49ee4b121d520108515687c8a842209d4ab8bcc_Polygon_SpokePool.sol,/home/ashok/ashokTests/smart-contract-data-source/domain_separator_analysis/manual_check_corrected_20260618_153701/polygon/014_T3_CROSS_CONTRACT_REPLAY_0xa49ee4b121d520108515687c8a842209d4ab8bcc_Polygon_SpokePool.sol,yes
polygon,T3_CROSS_CONTRACT_REPLAY,High,"incorrect_verifyingContract,missing_chainId","T2_CROSS_CHAIN_REPLAY,T3_CROSS_CONTRACT_REPLAY",/home/ashok/ashokTests/smart-contract-data-source/etherscan_verified_sources/polygon/verified_sources/2021/0xc7a399ec7cfe5e1b728cacd742637c4e6f06c3d8_StakingRewards.sol,/home/ashok/ashokTests/smart-contract-data-source/domain_separator_analysis/manual_check_corrected_20260618_153701/polygon/015_T3_CROSS_CONTRACT_REPLAY_0xc7a399ec7cfe5e1b728cacd742637c4e6f06c3d8_StakingRewards.sol,yes
polygon,T3_CROSS_CONTRACT_REPLAY,High,"incorrect_verifyingContract,missing_chainId","T2_CROSS_CHAIN_REPLAY,T3_CROSS_CONTRACT_REPLAY",/home/ashok/ashokTests/smart-contract-data-source/etherscan_verified_sources/polygon/verified_sources/2021/0x9ba8cad00696d825bb00dec32f3919211a6da632_StakingRewards.sol,/home/ashok/ashokTests/smart-contract-data-source/domain_separator_analysis/manual_check_corrected_20260618_153701/polygon/016_T3_CROSS_CONTRACT_REPLAY_0x9ba8cad00696d825bb00dec32f3919211a6da632_StakingRewards.sol,yes
polygon,T3_CROSS_CONTRACT_REPLAY,High,"incorrect_verifyingContract,missing_eip191_prefix","T1_UNSEPARATED_SIGNING_DOMAIN,T3_CROSS_CONTRACT_REPLAY",/home/ashok/ashokTests/smart-contract-data-source/etherscan_verified_sources/polygon/verified_sources/2023/0x61b9bdf9c10f77bd9ed033559cec410427aeb8a2_RLYPaymaster.sol,/home/ashok/ashokTests/smart-contract-data-source/domain_separator_analysis/manual_check_corrected_20260618_153701/polygon/017_T3_CROSS_CONTRACT_REPLAY_0x61b9bdf9c10f77bd9ed033559cec410427aeb8a2_RLYPaymaster.sol,yes
polygon,T3_CROSS_CONTRACT_REPLAY,High,"incorrect_verifyingContract,missing_chainId","T2_CROSS_CHAIN_REPLAY,T3_CROSS_CONTRACT_REPLAY",/home/ashok/ashokTests/smart-contract-data-source/etherscan_verified_sources/polygon/verified_sources/2021/0x2ff99b0ff96081d0e58f7dec0b90b2d49b8a5164_StakingRewardsFactory.sol,/home/ashok/ashokTests/smart-contract-data-source/domain_separator_analysis/manual_check_corrected_20260618_153701/polygon/018_T3_CROSS_CONTRACT_REPLAY_0x2ff99b0ff96081d0e58f7dec0b90b2d49b8a5164_StakingRewardsFactory.sol,yes
polygon,T4_LOGICAL_DOMAIN_REPLAY,High,"missing_eip191_prefix,missing_logical_domain_disambiguator","T1_UNSEPARATED_SIGNING_DOMAIN,T4_LOGICAL_DOMAIN_REPLAY",/home/ashok/ashokTests/smart-contract-data-source/etherscan_verified_sources/polygon/verified_sources/2023/0xe6f8cb3b024a1f839be85890b8e4fc411aab0fe5_UniswapV2Router02.sol,/home/ashok/ashokTests/smart-contract-data-source/domain_separator_analysis/manual_check_corrected_20260618_153701/polygon/019_T4_LOGICAL_DOMAIN_REPLAY_0xe6f8cb3b024a1f839be85890b8e4fc411aab0fe5_UniswapV2Router02.sol,yes
polygon,T4_LOGICAL_DOMAIN_REPLAY,High,"missing_eip191_prefix,missing_logical_domain_disambiguator","T1_UNSEPARATED_SIGNING_DOMAIN,T4_LOGICAL_DOMAIN_REPLAY",/home/ashok/ashokTests/smart-contract-data-source/etherscan_verified_sources/polygon/verified_sources/2025/0x7a1f7c0d0179afd770e1b0c406f8669599700ac1_ApexDexRouter02.sol,/home/ashok/ashokTests/smart-contract-data-source/domain_separator_analysis/manual_check_corrected_20260618_153701/polygon/020_T4_LOGICAL_DOMAIN_REPLAY_0x7a1f7c0d0179afd770e1b0c406f8669599700ac1_ApexDexRouter02.sol,yes
polygon,T4_LOGICAL_DOMAIN_REPLAY,High,"missing_eip191_prefix,missing_logical_domain_disambiguator","T1_UNSEPARATED_SIGNING_DOMAIN,T4_LOGICAL_DOMAIN_REPLAY",/home/ashok/ashokTests/smart-contract-data-source/etherscan_verified_sources/polygon/verified_sources/2021/0x63e3f5155b443e9139bc5ede9960f6e3f8df2b58_PolydexMigratorSushiSwap.sol,/home/ashok/ashokTests/smart-contract-data-source/domain_separator_analysis/manual_check_corrected_20260618_153701/polygon/021_T4_LOGICAL_DOMAIN_REPLAY_0x63e3f5155b443e9139bc5ede9960f6e3f8df2b58_PolydexMigratorSushiSwap.sol,yes
polygon,T4_LOGICAL_DOMAIN_REPLAY,High,"missing_eip191_prefix,missing_logical_domain_disambiguator","T1_UNSEPARATED_SIGNING_DOMAIN,T4_LOGICAL_DOMAIN_REPLAY",/home/ashok/ashokTests/smart-contract-data-source/etherscan_verified_sources/polygon/verified_sources/2023/0xfb86012864699a2eefbb55f871170da75088f1cc_MEXURouter.sol,/home/ashok/ashokTests/smart-contract-data-source/domain_separator_analysis/manual_check_corrected_20260618_153701/polygon/022_T4_LOGICAL_DOMAIN_REPLAY_0xfb86012864699a2eefbb55f871170da75088f1cc_MEXURouter.sol,yes
polygon,T4_LOGICAL_DOMAIN_REPLAY,Medium,zero_salt_used,T4_LOGICAL_DOMAIN_REPLAY,/home/ashok/ashokTests/smart-contract-data-source/etherscan_verified_sources/polygon/verified_sources/2025/0xa3dfcb49b79d521002c9407e6fdf0b44c0ca581b_ERC20Token.sol,/home/ashok/ashokTests/smart-contract-data-source/domain_separator_analysis/manual_check_corrected_20260618_153701/polygon/023_T4_LOGICAL_DOMAIN_REPLAY_0xa3dfcb49b79d521002c9407e6fdf0b44c0ca581b_ERC20Token.sol,yes
polygon,T4_LOGICAL_DOMAIN_REPLAY,High,"missing_domain_separator,missing_eip191_prefix,missing_logical_domain_disambiguator","T1_UNSEPARATED_SIGNING_DOMAIN,T4_LOGICAL_DOMAIN_REPLAY",/home/ashok/ashokTests/smart-contract-data-source/etherscan_verified_sources/polygon/verified_sources/2022/0x8e002456d47b2b2ff1de0df3e78dc50258b10e66_Migrator.sol,/home/ashok/ashokTests/smart-contract-data-source/domain_separator_analysis/manual_check_corrected_20260618_153701/polygon/024_T4_LOGICAL_DOMAIN_REPLAY_0x8e002456d47b2b2ff1de0df3e78dc50258b10e66_Migrator.sol,yes
polygon,T5_DOMAIN_FRESHNESS_FAILURE,High,"missing_eip191_prefix,proxy_stale_domain","T1_UNSEPARATED_SIGNING_DOMAIN,T5_DOMAIN_FRESHNESS_FAILURE",/home/ashok/ashokTests/smart-contract-data-source/etherscan_verified_sources/polygon/verified_sources/2026/0xb1fd3d5f678a2d4dd51b2fcecdb56ca38e78ce51_WalletContract.sol,/home/ashok/ashokTests/smart-contract-data-source/domain_separator_analysis/manual_check_corrected_20260618_153701/polygon/025_T5_DOMAIN_FRESHNESS_FAILURE_0xb1fd3d5f678a2d4dd51b2fcecdb56ca38e78ce51_WalletContract.sol,yes
polygon,T5_DOMAIN_FRESHNESS_FAILURE,High,"proxy_stale_domain,stale_cached_DOMAIN_SEPARATOR",T5_DOMAIN_FRESHNESS_FAILURE,/home/ashok/ashokTests/smart-contract-data-source/etherscan_verified_sources/polygon/verified_sources/2022/0x743088865e94e85da76e0160df3d930f7e912cdd_OptionToken.sol,/home/ashok/ashokTests/smart-contract-data-source/domain_separator_analysis/manual_check_corrected_20260618_153701/polygon/026_T5_DOMAIN_FRESHNESS_FAILURE_0x743088865e94e85da76e0160df3d930f7e912cdd_OptionToken.sol,yes
polygon,T5_DOMAIN_FRESHNESS_FAILURE,High,"missing_eip191_prefix,proxy_stale_domain","T1_UNSEPARATED_SIGNING_DOMAIN,T5_DOMAIN_FRESHNESS_FAILURE",/home/ashok/ashokTests/smart-contract-data-source/etherscan_verified_sources/polygon/verified_sources/2026/0x896d9b5d3f1eed1d293c649cfc2193e8dc06a83c_WalletContract.sol,/home/ashok/ashokTests/smart-contract-data-source/domain_separator_analysis/manual_check_corrected_20260618_153701/polygon/027_T5_DOMAIN_FRESHNESS_FAILURE_0x896d9b5d3f1eed1d293c649cfc2193e8dc06a83c_WalletContract.sol,yes
polygon,T5_DOMAIN_FRESHNESS_FAILURE,High,"proxy_stale_domain,stale_cached_DOMAIN_SEPARATOR",T5_DOMAIN_FRESHNESS_FAILURE,/home/ashok/ashokTests/smart-contract-data-source/etherscan_verified_sources/polygon/verified_sources/2022/0xc5274260e5db9c0b471938f7cb17321673a46c2e_OptionToken.sol,/home/ashok/ashokTests/smart-contract-data-source/domain_separator_analysis/manual_check_corrected_20260618_153701/polygon/028_T5_DOMAIN_FRESHNESS_FAILURE_0xc5274260e5db9c0b471938f7cb17321673a46c2e_OptionToken.sol,yes
polygon,T5_DOMAIN_FRESHNESS_FAILURE,High,stale_cached_DOMAIN_SEPARATOR,T5_DOMAIN_FRESHNESS_FAILURE,/home/ashok/ashokTests/smart-contract-data-source/etherscan_verified_sources/polygon/verified_sources/2022/0xbb0fa753ae6fddb78bb66d70fc223e4a10d5f4d4_SmartSwapFactory.sol,/home/ashok/ashokTests/smart-contract-data-source/domain_separator_analysis/manual_check_corrected_20260618_153701/polygon/029_T5_DOMAIN_FRESHNESS_FAILURE_0xbb0fa753ae6fddb78bb66d70fc223e4a10d5f4d4_SmartSwapFactory.sol,yes
polygon,T5_DOMAIN_FRESHNESS_FAILURE,High,stale_cached_DOMAIN_SEPARATOR,T5_DOMAIN_FRESHNESS_FAILURE,/home/ashok/ashokTests/smart-contract-data-source/etherscan_verified_sources/polygon/verified_sources/2021/0xa3fb5dcaf06c3a6e3ff577a0dbea9cd4941df493_OboswapPair.sol,/home/ashok/ashokTests/smart-contract-data-source/domain_separator_analysis/manual_check_corrected_20260618_153701/polygon/030_T5_DOMAIN_FRESHNESS_FAILURE_0xa3fb5dcaf06c3a6e3ff577a0dbea9cd4941df493_OboswapPair.sol,yes
avalanche,T1_UNSEPARATED_SIGNING_DOMAIN,High,"missing_eip191_prefix,missing_logical_domain_disambiguator","T1_UNSEPARATED_SIGNING_DOMAIN,T4_LOGICAL_DOMAIN_REPLAY",/home/ashok/ashokTests/smart-contract-data-source/etherscan_verified_sources/avalanche/verified_sources/2022/0xa270e7506dd1b6fa8a4d1d14a53a6a80afc4fd4d_MetaAggregationRouterV2.sol,/home/ashok/ashokTests/smart-contract-data-source/domain_separator_analysis/manual_check_corrected_20260618_153701/avalanche/001_T1_UNSEPARATED_SIGNING_DOMAIN_0xa270e7506dd1b6fa8a4d1d14a53a6a80afc4fd4d_MetaAggregationRouterV2.sol,yes
avalanche,T1_UNSEPARATED_SIGNING_DOMAIN,High,"missing_eip191_prefix,proxy_stale_domain,stale_cached_DOMAIN_SEPARATOR","T1_UNSEPARATED_SIGNING_DOMAIN,T5_DOMAIN_FRESHNESS_FAILURE",/home/ashok/ashokTests/smart-contract-data-source/etherscan_verified_sources/avalanche/verified_sources/2022/0x0c5586dd485cf704707561ed1ddeb1ea32f0c052_MEMOries.sol,/home/ashok/ashokTests/smart-contract-data-source/domain_separator_analysis/manual_check_corrected_20260618_153701/avalanche/002_T1_UNSEPARATED_SIGNING_DOMAIN_0x0c5586dd485cf704707561ed1ddeb1ea32f0c052_MEMOries.sol,yes
avalanche,T1_UNSEPARATED_SIGNING_DOMAIN,High,"missing_eip191_prefix,stale_cached_DOMAIN_SEPARATOR","T1_UNSEPARATED_SIGNING_DOMAIN,T5_DOMAIN_FRESHNESS_FAILURE",/home/ashok/ashokTests/smart-contract-data-source/etherscan_verified_sources/avalanche/verified_sources/2022/0xba3fc8790c19ab9a5649a7c5d76706b65f0075a5_TimeERC20Token.sol,/home/ashok/ashokTests/smart-contract-data-source/domain_separator_analysis/manual_check_corrected_20260618_153701/avalanche/003_T1_UNSEPARATED_SIGNING_DOMAIN_0xba3fc8790c19ab9a5649a7c5d76706b65f0075a5_TimeERC20Token.sol,yes
avalanche,T1_UNSEPARATED_SIGNING_DOMAIN,High,missing_eip191_prefix,T1_UNSEPARATED_SIGNING_DOMAIN,/home/ashok/ashokTests/smart-contract-data-source/etherscan_verified_sources/avalanche/verified_sources/2021/0x8fab6f3c7fbca7b9aacb56bb4f17bc73c31e3f50_StakingRewards.sol,/home/ashok/ashokTests/smart-contract-data-source/domain_separator_analysis/manual_check_corrected_20260618_153701/avalanche/004_T1_UNSEPARATED_SIGNING_DOMAIN_0x8fab6f3c7fbca7b9aacb56bb4f17bc73c31e3f50_StakingRewards.sol,yes
avalanche,T2_CROSS_CHAIN_REPLAY,High,"hardcoded_chainId,proxy_stale_domain,stale_cached_DOMAIN_SEPARATOR","T2_CROSS_CHAIN_REPLAY,T5_DOMAIN_FRESHNESS_FAILURE",/home/ashok/ashokTests/smart-contract-data-source/etherscan_verified_sources/avalanche/verified_sources/2023/0x61da67a4c7d7e2a5a43e9023aad5abf5d0391233_Davos.sol,/home/ashok/ashokTests/smart-contract-data-source/domain_separator_analysis/manual_check_corrected_20260618_153701/avalanche/005_T2_CROSS_CHAIN_REPLAY_0x61da67a4c7d7e2a5a43e9023aad5abf5d0391233_Davos.sol,yes
avalanche,T2_CROSS_CHAIN_REPLAY,High,"hardcoded_chainId,incorrect_verifyingContract","T2_CROSS_CHAIN_REPLAY,T3_CROSS_CONTRACT_REPLAY",/home/ashok/ashokTests/smart-contract-data-source/etherscan_verified_sources/avalanche/verified_sources/2026/0x5305ec1d146136d020a7d64cb6e6418323498ab1_Vault.sol,/home/ashok/ashokTests/smart-contract-data-source/domain_separator_analysis/manual_check_corrected_20260618_153701/avalanche/006_T2_CROSS_CHAIN_REPLAY_0x5305ec1d146136d020a7d64cb6e6418323498ab1_Vault.sol,yes
avalanche,T2_CROSS_CHAIN_REPLAY,High,"hardcoded_chainId,stale_cached_DOMAIN_SEPARATOR","T2_CROSS_CHAIN_REPLAY,T5_DOMAIN_FRESHNESS_FAILURE",/home/ashok/ashokTests/smart-contract-data-source/etherscan_verified_sources/avalanche/verified_sources/2021/0x0ddcc50b58e6a6369a626f169dc16975b35c5c3f_DAI.sol,/home/ashok/ashokTests/smart-contract-data-source/domain_separator_analysis/manual_check_corrected_20260618_153701/avalanche/007_T2_CROSS_CHAIN_REPLAY_0x0ddcc50b58e6a6369a626f169dc16975b35c5c3f_DAI.sol,yes
avalanche,T2_CROSS_CHAIN_REPLAY,High,missing_chainId,T2_CROSS_CHAIN_REPLAY,/home/ashok/ashokTests/smart-contract-data-source/etherscan_verified_sources/avalanche/verified_sources/2026/0x536694bd72aea43efe991bdaa78819e628edc742_CARouter.sol,/home/ashok/ashokTests/smart-contract-data-source/domain_separator_analysis/manual_check_corrected_20260618_153701/avalanche/008_T2_CROSS_CHAIN_REPLAY_0x536694bd72aea43efe991bdaa78819e628edc742_CARouter.sol,yes
avalanche,T3_CROSS_CONTRACT_REPLAY,High,"incorrect_verifyingContract,proxy_stale_domain","T3_CROSS_CONTRACT_REPLAY,T5_DOMAIN_FRESHNESS_FAILURE",/home/ashok/ashokTests/smart-contract-data-source/etherscan_verified_sources/avalanche/verified_sources/2022/0x9117a83cdff0f482a9aed461a83c88271b972a6e_MintGatewayV3.sol,/home/ashok/ashokTests/smart-contract-data-source/domain_separator_analysis/manual_check_corrected_20260618_153701/avalanche/009_T3_CROSS_CONTRACT_REPLAY_0x9117a83cdff0f482a9aed461a83c88271b972a6e_MintGatewayV3.sol,yes
avalanche,T3_CROSS_CONTRACT_REPLAY,High,"incorrect_verifyingContract,missing_eip191_prefix","T1_UNSEPARATED_SIGNING_DOMAIN,T3_CROSS_CONTRACT_REPLAY",/home/ashok/ashokTests/smart-contract-data-source/etherscan_verified_sources/avalanche/verified_sources/2023/0x568ee6f979a488fac9a5ed62d934ea977caa1f97_RentalMarket1155.sol,/home/ashok/ashokTests/smart-contract-data-source/domain_separator_analysis/manual_check_corrected_20260618_153701/avalanche/010_T3_CROSS_CONTRACT_REPLAY_0x568ee6f979a488fac9a5ed62d934ea977caa1f97_RentalMarket1155.sol,yes
avalanche,T3_CROSS_CONTRACT_REPLAY,High,"incorrect_verifyingContract,missing_eip191_prefix","T1_UNSEPARATED_SIGNING_DOMAIN,T3_CROSS_CONTRACT_REPLAY",/home/ashok/ashokTests/smart-contract-data-source/etherscan_verified_sources/avalanche/verified_sources/2021/0x7fa6cb67a80f95ff3e42df65a96501a1f7305a37_Root.sol,/home/ashok/ashokTests/smart-contract-data-source/domain_separator_analysis/manual_check_corrected_20260618_153701/avalanche/011_T3_CROSS_CONTRACT_REPLAY_0x7fa6cb67a80f95ff3e42df65a96501a1f7305a37_Root.sol,yes
avalanche,T3_CROSS_CONTRACT_REPLAY,High,"incorrect_verifyingContract,missing_eip191_prefix","T1_UNSEPARATED_SIGNING_DOMAIN,T3_CROSS_CONTRACT_REPLAY",/home/ashok/ashokTests/smart-contract-data-source/etherscan_verified_sources/avalanche/verified_sources/2023/0x7566fdc14d37ab5eb486be85075bb18bed1a29dd_RentalMarket721.sol,/home/ashok/ashokTests/smart-contract-data-source/domain_separator_analysis/manual_check_corrected_20260618_153701/avalanche/012_T3_CROSS_CONTRACT_REPLAY_0x7566fdc14d37ab5eb486be85075bb18bed1a29dd_RentalMarket721.sol,yes
avalanche,T4_LOGICAL_DOMAIN_REPLAY,High,"missing_eip191_prefix,missing_logical_domain_disambiguator","T1_UNSEPARATED_SIGNING_DOMAIN,T4_LOGICAL_DOMAIN_REPLAY",/home/ashok/ashokTests/smart-contract-data-source/etherscan_verified_sources/avalanche/verified_sources/2026/0xd0ba32644d3db0301f5a34ae7166be4a510dab1a_Router.sol,/home/ashok/ashokTests/smart-contract-data-source/domain_separator_analysis/manual_check_corrected_20260618_153701/avalanche/013_T4_LOGICAL_DOMAIN_REPLAY_0xd0ba32644d3db0301f5a34ae7166be4a510dab1a_Router.sol,yes
avalanche,T4_LOGICAL_DOMAIN_REPLAY,High,"missing_domain_separator,missing_eip191_prefix,missing_logical_domain_disambiguator","T1_UNSEPARATED_SIGNING_DOMAIN,T4_LOGICAL_DOMAIN_REPLAY",/home/ashok/ashokTests/smart-contract-data-source/etherscan_verified_sources/avalanche/verified_sources/2022/0xbfba41e492d17e2dcae86b0db42c38459c56d537_AAVELending.sol,/home/ashok/ashokTests/smart-contract-data-source/domain_separator_analysis/manual_check_corrected_20260618_153701/avalanche/014_T4_LOGICAL_DOMAIN_REPLAY_0xbfba41e492d17e2dcae86b0db42c38459c56d537_AAVELending.sol,yes
avalanche,T4_LOGICAL_DOMAIN_REPLAY,High,"missing_domain_separator,missing_eip191_prefix,missing_logical_domain_disambiguator","T1_UNSEPARATED_SIGNING_DOMAIN,T4_LOGICAL_DOMAIN_REPLAY",/home/ashok/ashokTests/smart-contract-data-source/etherscan_verified_sources/avalanche/verified_sources/2022/0x6a8f98d7e34fd214b428bfc68c9309ea3c4fc7f1_BaseV1Router01.sol,/home/ashok/ashokTests/smart-contract-data-source/domain_separator_analysis/manual_check_corrected_20260618_153701/avalanche/015_T4_LOGICAL_DOMAIN_REPLAY_0x6a8f98d7e34fd214b428bfc68c9309ea3c4fc7f1_BaseV1Router01.sol,yes
avalanche,T4_LOGICAL_DOMAIN_REPLAY,High,"missing_domain_separator,missing_eip191_prefix,missing_logical_domain_disambiguator","T1_UNSEPARATED_SIGNING_DOMAIN,T4_LOGICAL_DOMAIN_REPLAY",/home/ashok/ashokTests/smart-contract-data-source/etherscan_verified_sources/avalanche/verified_sources/2023/0xa1628ca5849e82afe165465f9d1bd79b006d41e1_Router.sol,/home/ashok/ashokTests/smart-contract-data-source/domain_separator_analysis/manual_check_corrected_20260618_153701/avalanche/016_T4_LOGICAL_DOMAIN_REPLAY_0xa1628ca5849e82afe165465f9d1bd79b006d41e1_Router.sol,yes
avalanche,T5_DOMAIN_FRESHNESS_FAILURE,High,stale_cached_DOMAIN_SEPARATOR,T5_DOMAIN_FRESHNESS_FAILURE,/home/ashok/ashokTests/smart-contract-data-source/etherscan_verified_sources/avalanche/verified_sources/2022/0xa0fbfda09b8815dd42ddc70e4f9fe794257cd9b6_UniswapV2Factory.sol,/home/ashok/ashokTests/smart-contract-data-source/domain_separator_analysis/manual_check_corrected_20260618_153701/avalanche/017_T5_DOMAIN_FRESHNESS_FAILURE_0xa0fbfda09b8815dd42ddc70e4f9fe794257cd9b6_UniswapV2Factory.sol,yes
avalanche,T5_DOMAIN_FRESHNESS_FAILURE,High,"missing_eip191_prefix,proxy_stale_domain,stale_cached_DOMAIN_SEPARATOR","T1_UNSEPARATED_SIGNING_DOMAIN,T5_DOMAIN_FRESHNESS_FAILURE",/home/ashok/ashokTests/smart-contract-data-source/etherscan_verified_sources/avalanche/verified_sources/2022/0x41cee0415d1ba31bca13288f60d6bec9e360c0fc_MEMOries.sol,/home/ashok/ashokTests/smart-contract-data-source/domain_separator_analysis/manual_check_corrected_20260618_153701/avalanche/018_T5_DOMAIN_FRESHNESS_FAILURE_0x41cee0415d1ba31bca13288f60d6bec9e360c0fc_MEMOries.sol,yes
avalanche,T5_DOMAIN_FRESHNESS_FAILURE,High,"missing_eip191_prefix,stale_cached_DOMAIN_SEPARATOR","T1_UNSEPARATED_SIGNING_DOMAIN,T5_DOMAIN_FRESHNESS_FAILURE",/home/ashok/ashokTests/smart-contract-data-source/etherscan_verified_sources/avalanche/verified_sources/2021/0x69835c76f80fc3340caf7fc03134cd350aed0c1b_SpicyCoin.sol,/home/ashok/ashokTests/smart-contract-data-source/domain_separator_analysis/manual_check_corrected_20260618_153701/avalanche/019_T5_DOMAIN_FRESHNESS_FAILURE_0x69835c76f80fc3340caf7fc03134cd350aed0c1b_SpicyCoin.sol,yes
avalanche,T5_DOMAIN_FRESHNESS_FAILURE,High,"missing_eip191_prefix,stale_cached_DOMAIN_SEPARATOR","T1_UNSEPARATED_SIGNING_DOMAIN,T5_DOMAIN_FRESHNESS_FAILURE",/home/ashok/ashokTests/smart-contract-data-source/etherscan_verified_sources/avalanche/verified_sources/2021/0x318d106672ed807df0a31362cb44354c8fbc4921_MattERC20Token.sol,/home/ashok/ashokTests/smart-contract-data-source/domain_separator_analysis/manual_check_corrected_20260618_153701/avalanche/020_T5_DOMAIN_FRESHNESS_FAILURE_0x318d106672ed807df0a31362cb44354c8fbc4921_MattERC20Token.sol,yes
