Q1,Q2,Q3,Q4,Q5_1,Q5_2,Q5_3,Q5_4,Q6,Q7,Q8,Q9,Q10,Q11,Q12,Q13,Q14_1,Q14_2,Q14_3,Q14_4,Q15_1,Q15_2,Q15_3,Q15_4,Q16,Q17,Q18_1,Q18_2,Q18_3,Q18_4,Q19,Q20,Q21_1,Q21_2,Q21_3,Q21_4,Q22_1,Q22_2,Q22_3,Q22_4,Q23,Q24,Q25_1,Q25_2,Q25_3,Q25_4,Q25_5
1-2 years,Good proficiency,Most of the time,ERC-20, 721, 1155, 4333, 7702, 8004,Strongly agree,Somewhat agree,Somewhat agree,Somewhat disagree,Strongly agree,Neither agree nor disagree,Strongly agree,Somewhat agree,Somewhat agree,Strongly agree,Somewhat disagree,Strongly disagree,Strongly Agree,Strongly disagree,Strongly Agree,Strongly Agree,Somewhat agree,Strongly agree,Strongly Disagree,Strongly Disagree,Neither agree nor disagree,Strongly agree,Somewhat agree,Somewhat disagree,Strongly agree,Strongly agree,Neither agree nor disagree,Somewhat agree,Strongly Agree,Somewhat Agree,Strongly Agree,Somewhat Agree,Strongly Agree,Strongly Agree,Strongly Agree,Somewhat agree,Neither Agree nor Disagree,Somewhat Agree,Strongly agree,Somewhat agree,Strongly Disagree,Neither agree nor disagree,Strongly agree
1-2 years,Proficient,Most of the time,ERC-20, ERC-721, ERC-4337, ERC-1559,Somewhat agree,Somewhat agree,Neither agree nor disagree,Somewhat agree,Somewhat agree,Neither agree nor disagree,Strongly agree,Somewhat agree,Somewhat agree,Strongly agree,Somewhat agree,Neither agree nor disagree,Neither agree nor disagree,Neither agree nor disagree,Somewhat agree,Somewhat agree,Neither agree nor disagree,Neither agree nor disagree,Neither agree nor disagree,Neither agree nor disagree,Neither agree nor disagree,Somewhat agree,Somewhat agree,Neither agree nor disagree,Somewhat agree,Somewhat agree,Strongly disagree,Strongly agree,Somewhat Agree,Somewhat Agree,Somewhat Agree,Somewhat Agree,Strongly Agree,Strongly Agree,Strongly Agree,Somewhat agree,Neither Agree nor Disagree,Neither Agree nor Disagree,Somewhat agree,Neither agree nor disagree,Strongly agree,Somewhat agree,Strongly agree
1-2 years,Proficient,About half the time,ERC20, ERC721, ERC1155, ERC712, ERC5792,,Strongly agree,Strongly agree,Strongly agree,Somewhat agree,Strongly agree,Somewhat disagree,Somewhat agree,Somewhat agree,Strongly agree,Somewhat agree,Somewhat agree,Somewhat agree,Somewhat agree,Somewhat disagree,Strongly Agree,Somewhat agree,Somewhat agree,Somewhat agree,Somewhat agree,Neither agree nor disagree,Somewhat disagree,Somewhat agree,Somewhat agree,Somewhat agree,Somewhat agree,Somewhat agree,Somewhat disagree,Somewhat agree,Somewhat Agree,Somewhat Agree,Somewhat Agree,Somewhat Agree,Somewhat agree,Somewhat agree,Somewhat agree,Somewhat agree,Somewhat Agree,Somewhat Agree,Somewhat agree,Somewhat agree,Somewhat agree,Somewhat agree,Somewhat agree
1-2 years,Low proficiency,Most of the time,ERC-20,Somewhat agree,Neither agree nor disagree,Somewhat disagree,Strongly agree,Somewhat agree,Somewhat agree,Strongly agree,Neither agree nor disagree,Neither agree nor disagree,Somewhat agree,Neither agree nor disagree,Somewhat agree,Somewhat disagree,Neither agree nor disagree,Somewhat agree,Neither agree nor disagree,Somewhat disagree,Neither agree nor disagree,Somewhat disagree,Strongly Disagree,Somewhat agree,Somewhat agree,Somewhat disagree,Somewhat agree,Somewhat agree,Strongly agree,Neither agree nor disagree,Neither agree nor disagree,Somewhat Agree,Somewhat Agree,Neither Agree nor Disagree,Somewhat Agree,Somewhat agree,Neither Agree nor Disagree,Strongly Agree,Neither Agree nor Disagree,Somewhat Agree,Neither Agree nor Disagree,Somewhat agree,Neither agree nor disagree,Somewhat agree,Strongly agree,Somewhat agree
1-2 years,Proficient,About half the time,ERC-20, ERC-721, ERC-1155, ERC-4337,Neither agree nor disagree,Neither agree nor disagree,Somewhat agree,Somewhat agree,Somewhat agree,Somewhat agree,Neither agree nor disagree,Somewhat agree,Somewhat agree,Somewhat agree,Strongly disagree,Neither agree nor disagree,Somewhat agree,Neither agree nor disagree,Strongly Agree,Somewhat agree,Somewhat disagree,Somewhat disagree,Somewhat disagree,Somewhat disagree,Somewhat agree,Somewhat agree,Somewhat agree,Somewhat agree,Neither agree nor disagree,Neither agree nor disagree,Somewhat agree,Neither agree nor disagree,Neither Agree nor Disagree,Somewhat Agree,Neither Agree nor Disagree,Neither Agree nor Disagree,Somewhat agree,Somewhat agree,Somewhat agree,Neither Agree nor Disagree,Strongly Agree,Somewhat Agree,Somewhat agree,Neither agree nor disagree,Strongly agree,Somewhat agree,Strongly agree
less than 1 year,Low proficiency,Sometimes,,,Strongly agree,Strongly agree,Somewhat agree,Strongly agree,Somewhat agree,Strongly agree,Strongly Agree,Somewhat agree,Neither agree nor disagree,Somewhat disagree,Neither agree nor disagree,Neither agree nor disagree,Strongly agree,Somewhat agree,Somewhat agree,Somewhat agree,Strongly agree,Strongly agree,Strongly disagree,Somewhat agree,Somewhat agree,Strongly disagree,Strongly disagree,Strongly disagree,Neither Agree nor Disagree,Neither Agree nor Disagree,Strongly Disagree,Neither Agree nor Disagree,Strongly Agree,Strongly Agree,Neither Agree nor Disagree,Neither Agree nor Disagree,Somewhat Disagree,Somewhat Disagree,Somewhat agree,Somewhat agree,Somewhat agree,Strongly Disagree,Strongly Disagree
1-2 years,Proficient,Most of the time,ERC-20, ERC-721,Strongly agree,Strongly agree,Somewhat agree,Somewhat disagree,Strongly agree,Strongly Disagree,Neither agree nor disagree,Somewhat agree,Strongly agree,Somewhat agree,Somewhat disagree,Somewhat agree,Somewhat disagree,Strongly Agree,Strongly disagree,Strongly disagree,Somewhat disagree,Strongly agree,Somewhat agree,Strongly Disagree,Somewhat agree,Somewhat disagree,Strongly disagree,Neither agree nor disagree,Strongly agree,Somewhat agree,Neither agree nor disagree,Somewhat agree,Somewhat Disagree,Neither Agree nor Disagree,Somewhat Agree,Strongly Agree,Somewhat agree,Somewhat agree,Strongly Agree,Neither Agree nor Disagree,Neither Agree nor Disagree,Strongly Agree,Strongly agree,Somewhat agree,Strongly agree,Strongly agree,Somewhat agree
2-5 years,Proficient,Sometimes,,Somewhat agree,Somewhat agree,Neither agree nor disagree,Somewhat agree,Strongly agree,Somewhat agree,Somewhat agree,Somewhat agree
2-5 years,Proficient,Sometimes,,Somewhat agree,Strongly agree,Somewhat agree,Somewhat agree,Strongly agree,Neither agree nor disagree,Strongly agree,Strongly agree,Strongly agree,Strongly agree,Somewhat agree,Somewhat agree,Strongly Agree,Somewhat agree,Somewhat agree,Strongly Agree,Somewhat agree,Somewhat agree,Somewhat agree,Neither agree nor disagree,Strongly agree,Somewhat agree,Somewhat agree,Somewhat agree,Somewhat agree,Strongly agree,Somewhat disagree,Strongly agree,Somewhat Agree,Somewhat Agree,Strongly Agree,Somewhat Agree,Somewhat agree,Strongly Agree,Strongly Agree,Strongly Agree,Somewhat Agree,Somewhat Agree,Somewhat agree,Somewhat agree,Strongly agree,Strongly agree,Strongly agree
1-2 years,Proficient,Sometimes,ERC20, ERC721,Strongly agree,Strongly agree,Somewhat agree,Somewhat disagree,Somewhat disagree,Strongly agree,Somewhat agree,Somewhat agree,Somewhat agree,Somewhat agree,Somewhat agree,Somewhat agree,Somewhat agree,Somewhat disagree,Somewhat agree,Somewhat agree,Somewhat agree,Strongly agree,Somewhat agree,Neither agree nor disagree,Somewhat agree,Somewhat agree,Somewhat agree,Neither agree nor disagree,Somewhat agree,Strongly agree,Somewhat disagree,Strongly agree,Strongly Agree,Strongly Agree,Strongly Agree,Strongly Agree,Strongly Agree,Strongly Agree,Strongly Agree,Somewhat agree,Neither Agree nor Disagree,Somewhat Agree,Somewhat agree,Somewhat agree,Somewhat agree,Somewhat agree,Strongly agree
2-5 years,Proficient,About half the time,ERC20, ERC1155, ERC721, ERC137,Somewhat agree,Somewhat agree,Somewhat disagree,Neither agree nor disagree,Strongly agree,Somewhat agree,Neither agree nor disagree,Neither agree nor disagree,Somewhat agree,Somewhat agree,Somewhat agree,Somewhat agree,Somewhat agree,Somewhat agree,Somewhat agree,Somewhat disagree,Neither agree nor disagree,Somewhat agree,Strongly Disagree,Somewhat disagree,Somewhat agree,Strongly agree,Strongly agree,Strongly agree,Strongly agree,Strongly agree,Strongly agree,Strongly agree,Strongly Agree,Somewhat Agree,Neither Agree nor Disagree,Strongly Disagree,Somewhat agree,Strongly Agree,Somewhat agree,Neither Agree nor Disagree,Somewhat Agree,Neither Agree nor Disagree,Neither agree nor disagree,Somewhat disagree,Neither agree nor disagree,Neither agree nor disagree,Somewhat agree
1-2 years,Low proficiency,About half the time,ERC20, ERC721, ERC1155,Somewhat agree,Somewhat agree,Neither agree nor disagree,Neither agree nor disagree,Neither agree nor disagree,Somewhat agree,Strongly agree,Somewhat agree,Somewhat agree,Somewhat agree,Strongly disagree,Somewhat agree,Somewhat agree,Somewhat agree,Strongly disagree,Somewhat agree,Strongly Disagree,Strongly Disagree,Neither agree nor disagree,Neither agree nor disagree,Neither agree nor disagree,Neither agree nor disagree,Neither agree nor disagree,Neither agree nor disagree,Neither agree nor disagree,Neither agree nor disagree,Neither agree nor disagree,Somewhat agree,Neither Agree nor Disagree,Somewhat Agree,Neither Agree nor Disagree,Somewhat Agree,Somewhat agree,Somewhat agree,Somewhat agree,Somewhat agree,Neither Agree nor Disagree,Neither Agree nor Disagree,Somewhat agree,Neither agree nor disagree,Somewhat agree,Neither agree nor disagree,Somewhat agree
1-2 years,Good proficiency,Most of the time,"ERC-1967 (Proxy Pattern)
EIP-712 (Signature Standard)
ERC-165 (Interface Detection)
ERC-1271 (Signature Validation)
ERC-20 (Base Token Interface)
EIP-3009 (aka ""transferWithAuthorization"")
ERC-2612 (Approve via signature)
EIP-7702 (Gasless Relayer)",Somewhat agree,Neither agree nor disagree,Neither agree nor disagree,Somewhat agree,Somewhat agree,Somewhat disagree,Somewhat agree,Somewhat agree,Strongly agree,Strongly agree,Somewhat disagree,Neither agree nor disagree,Somewhat disagree,Somewhat agree,Somewhat agree,Somewhat disagree,Strongly Disagree,Somewhat disagree,Somewhat agree,Somewhat agree,Somewhat agree,Strongly agree,Somewhat agree,Strongly agree,Strongly agree,Strongly agree,Strongly disagree,Strongly agree,Strongly Agree,Strongly Agree,Somewhat Agree,Somewhat Agree,Strongly Agree,Strongly Agree,Strongly Agree,Somewhat agree,Strongly Agree,Neither Agree nor Disagree,Somewhat agree,Somewhat agree,Strongly agree,Somewhat agree,Strongly agree
1-2 years,Low proficiency,Sometimes,ERC 20,Somewhat agree,Neither agree nor disagree,Neither agree nor disagree,Somewhat disagree,Somewhat agree,Neither agree nor disagree,Neither agree nor disagree,Somewhat agree,Neither agree nor disagree,Somewhat agree,Somewhat disagree,Neither agree nor disagree,Neither agree nor disagree,Somewhat disagree,Strongly disagree,Somewhat agree,Somewhat disagree,Neither agree nor disagree,Neither agree nor disagree,Somewhat disagree,,Neither agree nor disagree,Neither agree nor disagree,Somewhat agree,Neither agree nor disagree,Strongly agree,Somewhat disagree,,Somewhat Agree,Neither Agree nor Disagree,,,Neither Agree nor Disagree,Somewhat agree,,Somewhat agree,Neither Agree nor Disagree,Neither Agree nor Disagree,Neither agree nor disagree,Somewhat agree,,Somewhat agree,Strongly agree
less than 1 year,Not Proficient,Sometimes,ERC20,Somewhat agree,Somewhat agree,Neither agree nor disagree,Neither agree nor disagree,Neither agree nor disagree,Neither agree nor disagree,Neither agree nor disagree,Neither agree nor disagree,Neither agree nor disagree,Somewhat agree,Somewhat disagree,Neither agree nor disagree,Neither agree nor disagree,Neither agree nor disagree,Somewhat disagree,Neither agree nor disagree,Neither agree nor disagree,Somewhat agree,Neither agree nor disagree,Somewhat agree,Neither agree nor disagree,Neither agree nor disagree,Somewhat agree,Neither agree nor disagree,Neither agree nor disagree,Neither agree nor disagree,Somewhat disagree,Neither agree nor disagree,Neither Agree nor Disagree,Neither Agree nor Disagree,Somewhat Agree,Neither Agree nor Disagree,Somewhat agree,Somewhat agree,Somewhat agree,Neither Agree nor Disagree,Neither Agree nor Disagree,Neither Agree nor Disagree,Neither agree nor disagree,Neither agree nor disagree,Neither agree nor disagree,Somewhat agree,Somewhat agree
less than 1 year,Proficient,Sometimes,EIP7702, EIP1195, EIP1155, EIP720,Strongly agree,Somewhat agree,Neither agree nor disagree,Somewhat disagree,Strongly agree,Somewhat disagree,Somewhat agree,Somewhat agree,Strongly agree,Strongly agree,Somewhat disagree,Somewhat agree,Somewhat agree,Neither agree nor disagree,Strongly Agree,Neither agree nor disagree,Strongly agree,Somewhat agree,Strongly agree,Somewhat agree,Somewhat agree,Strongly agree,Strongly agree,Somewhat agree,Strongly agree,Strongly agree,Somewhat disagree,Strongly agree,Strongly Agree,Strongly Agree,Strongly Agree,Somewhat Agree,Strongly Agree,Strongly Agree,Somewhat agree,Somewhat Disagree,Somewhat Agree,Somewhat Agree,Somewhat agree,Neither agree nor disagree,Strongly agree,Somewhat agree,Strongly agree
2-5 years,Proficient,About half the time,ERC20, ERC721, ERC4337, ERC1155,Somewhat agree,Somewhat agree,Strongly agree,Neither agree nor disagree,Strongly agree,Somewhat agree,Somewhat agree,Somewhat agree,Strongly agree,Strongly agree,Somewhat agree,Somewhat agree,Somewhat agree,Neither agree nor disagree,Strongly Agree,Somewhat disagree,Neither agree nor disagree,Strongly agree,Somewhat agree,Neither agree nor disagree,Neither agree nor disagree,Somewhat agree,Somewhat agree,Strongly agree,Somewhat agree,Strongly agree,Somewhat disagree,Somewhat agree,Strongly Agree,Somewhat Agree,Somewhat Agree,Strongly Agree,,,,,,,,,,
less than 1 year,Low proficiency,Sometimes,,Neither agree nor disagree,Neither agree nor disagree,Neither agree nor disagree,Neither agree nor disagree,Strongly agree,Somewhat agree,Neither agree nor disagree,Neither agree nor disagree
less than 1 year,Not Proficient,Most of the time,ERC721, ERC20,Neither agree nor disagree,Neither agree nor disagree,Neither agree nor disagree,Neither agree nor disagree,Neither agree nor disagree,Neither agree nor disagree,Neither agree nor disagree,Neither agree nor disagree,Neither agree nor disagree,Neither agree nor disagree,Neither agree nor disagree,Neither agree nor disagree,Neither agree nor disagree,Neither agree nor disagree,Strongly disagree,Neither agree nor disagree,Neither agree nor disagree,Neither agree nor disagree,Neither agree nor disagree,Neither agree nor disagree,Neither agree nor disagree,Neither agree nor disagree,Neither agree nor disagree,Neither agree nor disagree,Neither agree nor disagree,Neither agree nor disagree,Neither agree nor disagree,Neither Agree nor Disagree,Neither Agree nor Disagree,Neither Agree nor Disagree,Neither Agree nor Disagree,Neither Agree nor Disagree,Neither Agree nor Disagree,Neither Agree nor Disagree,Neither Agree nor Disagree,Neither Agree nor Disagree,Somewhat Agree,Neither agree nor disagree,Neither agree nor disagree,Neither agree nor disagree,Neither agree nor disagree,Neither agree nor disagree
less than 1 year,Low proficiency,Sometimes,,Neither agree nor disagree,Neither agree nor disagree,Neither agree nor disagree,Neither agree nor disagree,Neither agree nor disagree,Neither agree nor disagree,Neither agree nor disagree,Neither agree nor disagree,Neither agree nor disagree,Neither agree nor disagree,Neither agree nor disagree,Neither agree nor disagree,Neither agree nor disagree,Neither agree nor disagree,Neither agree nor disagree,Neither agree nor disagree,Neither agree nor disagree,Neither agree nor disagree,Neither agree nor disagree,Neither agree nor disagree,Neither agree nor disagree,Neither agree nor disagree,Neither agree nor disagree,Neither agree nor disagree,Neither agree nor disagree,Neither agree nor disagree,Neither agree nor disagree,Neither Agree nor Disagree,Neither Agree nor Disagree,Neither Agree nor Disagree,Neither Agree nor Disagree,Somewhat agree,Somewhat agree,Neither Agree nor Disagree,Neither Agree nor Disagree,Neither Agree nor Disagree,Neither Agree nor Disagree,Neither agree nor disagree,Neither agree nor disagree,Neither agree nor disagree,Neither agree nor disagree,Neither agree nor disagree
2-5 years,Low proficiency,About half the time,ERC20,Strongly agree,Somewhat agree,Somewhat agree,Strongly agree,Strongly agree,Somewhat agree,Strongly agree,Somewhat agree,Somewhat agree,Strongly agree,Neither agree nor disagree,Neither agree nor disagree,Neither agree nor disagree,Somewhat disagree,Strongly disagree,Somewhat disagree,Neither agree nor disagree,Neither agree nor disagree,Neither agree nor disagree,Neither agree nor disagree,Neither agree nor disagree,Neither agree nor disagree,Neither agree nor disagree,Neither agree nor disagree,Neither agree nor disagree,Neither agree nor disagree,Neither agree nor disagree,Neither agree nor disagree,Neither Agree nor Disagree,Neither Agree nor Disagree,Neither Agree nor Disagree,Neither Agree nor Disagree,Neither Agree nor Disagree,Neither Agree nor Disagree,Neither Agree nor Disagree,Neither Agree nor Disagree,Neither Agree nor Disagree,Neither Agree nor Disagree,Neither agree nor disagree,Somewhat agree,Neither agree nor disagree,Somewhat agree,Neither agree nor disagree
less than 1 year,Low proficiency,About half the time,ERC 20,Somewhat agree,Neither agree nor disagree,Neither agree nor disagree,Neither agree nor disagree,Strongly agree,Somewhat disagree,Strongly Disagree,Strongly agree,Somewhat agree,Strongly agree,Neither agree nor disagree,Neither agree nor disagree,Neither agree nor disagree,Neither agree nor disagree,Strongly disagree,Somewhat agree,Neither agree nor disagree,Neither agree nor disagree,Somewhat agree,Neither agree nor disagree,Neither agree nor disagree,Neither agree nor disagree,Neither agree nor disagree,Neither agree nor disagree,Neither agree nor disagree,Neither agree nor disagree,Neither agree nor disagree,Neither agree nor disagree,Neither Agree nor Disagree,Neither Agree nor Disagree,Neither Agree nor Disagree,Neither Agree nor Disagree,Somewhat agree,Somewhat agree,Neither Agree nor Disagree,Neither Agree nor Disagree,Somewhat Agree,Neither Agree nor Disagree,Somewhat agree,Neither agree nor disagree,Neither agree nor disagree,Neither agree nor disagree,Neither agree nor disagree
1-2 years,Proficient,Sometimes,ERC20,Somewhat agree,Somewhat agree,Neither agree nor disagree,Neither agree nor disagree,Somewhat agree,Somewhat agree,Somewhat agree,Somewhat agree,Somewhat agree,Somewhat agree,Somewhat disagree,Somewhat disagree,Somewhat disagree,Somewhat disagree,Neither agree nor disagree,Neither agree nor disagree,Somewhat agree,Somewhat agree,Somewhat agree,Somewhat agree,Somewhat agree,Somewhat agree,Somewhat agree,Somewhat agree,Neither agree nor disagree,Neither agree nor disagree,Neither agree nor disagree,Neither agree nor disagree,Neither Agree nor Disagree,Neither Agree nor Disagree,Neither Agree nor Disagree,Neither Agree nor Disagree,Neither Agree nor Disagree,Somewhat agree,Somewhat agree,Somewhat agree,Neither Agree nor Disagree,Somewhat Agree,Neither agree nor disagree,Somewhat agree,Neither agree nor disagree,Somewhat agree,Somewhat agree
less than 1 year,Not Proficient,Never,,Neither agree nor disagree,Neither agree nor disagree,Neither agree nor disagree,Neither agree nor disagree,Neither agree nor disagree,Neither agree nor disagree,Neither agree nor disagree,Neither agree nor disagree,Neither agree nor disagree,Neither agree nor disagree,Neither agree nor disagree,Neither agree nor disagree,Neither agree nor disagree,Neither agree nor disagree,Neither agree nor disagree,Neither agree nor disagree,Neither agree nor disagree,Neither agree nor disagree,Neither agree nor disagree,Neither agree nor disagree,Neither agree nor disagree,Neither agree nor disagree,Neither agree nor disagree,Neither agree nor disagree,Neither agree nor disagree,Neither agree nor disagree,Neither agree nor disagree,Neither agree nor disagree,Neither Agree nor Disagree,Neither Agree nor Disagree,Neither Agree nor Disagree,Neither Agree nor Disagree,Neither Agree nor Disagree,Neither Agree nor Disagree,Neither Agree nor Disagree,Neither Agree nor Disagree,Neither Agree nor Disagree,Neither Agree nor Disagree,Neither agree nor disagree,Neither agree nor disagree,Neither agree nor disagree,Neither agree nor disagree,Neither agree nor disagree
2-5 years,Proficient,Most of the time,ERC 20,Strongly Disagree,Somewhat agree,Somewhat agree,Somewhat agree,Strongly agree,Somewhat agree,Somewhat agree,Somewhat agree,Somewhat agree,Strongly agree,Strongly Agree,Somewhat disagree,Somewhat disagree,Somewhat disagree,Somewhat agree,Somewhat agree,Somewhat agree,Somewhat agree,Somewhat agree,Neither agree nor disagree,Somewhat agree,Somewhat agree,Strongly agree,Strongly agree,Somewhat agree,Strongly agree,Somewhat agree,Strongly agree,Somewhat Agree,Somewhat Agree,Somewhat Agree,Strongly Agree,Strongly Agree,Strongly Agree,Strongly Agree,Somewhat Disagree,Somewhat Agree,Strongly Agree,Strongly agree,Somewhat disagree,Somewhat agree,Somewhat agree,Somewhat agree
2-5 years,Expert,Always,ERC-20, ERC-721, ERC-1155, ERC-7702, ERC-712, ERC-4626, ERC-4337, ERC-2612, ERC-2981,Strongly agree,Strongly agree,Neither agree nor disagree,Neither agree nor disagree,Somewhat agree,Somewhat agree,Somewhat disagree,Neither agree nor disagree,Somewhat agree,Somewhat agree,Somewhat disagree,Somewhat agree,Somewhat agree,Somewhat agree,Strongly Agree,Neither agree nor disagree,Somewhat agree,Somewhat agree,Somewhat agree,Neither agree nor disagree,Strongly agree,Strongly agree,Strongly agree,Strongly agree,Somewhat agree,Strongly agree,Strongly disagree,Strongly agree,Strongly Agree,Strongly Agree,Somewhat Agree,Somewhat Agree,Strongly Agree,Strongly Agree,Somewhat agree,Somewhat agree,Strongly Agree,Somewhat Agree,Strongly agree,Somewhat disagree,Somewhat agree,Somewhat agree,Strongly agree
less than 1 year,Not Proficient,Sometimes,,Somewhat disagree,Neither agree nor disagree,Somewhat agree,Somewhat agree,Somewhat disagree,Somewhat disagree,Neither agree nor disagree,Somewhat disagree,Somewhat disagree,Neither agree nor disagree,Neither agree nor disagree,Neither agree nor disagree,,,,Neither agree nor disagree,Neither agree nor disagree,,,,Neither agree nor disagree,Neither agree nor disagree,,,,Neither Agree nor Disagree,Neither Agree nor Disagree,Neither Agree nor Disagree,Neither Agree nor Disagree,Neither Agree nor Disagree,Neither Agree nor Disagree,,,,,
2-5 years,Proficient,About half the time,,,,,,,,,,,,,,,,,,,,,,,,,,,,,,,,,,,,,,,,,,
less than 1 year,Not Proficient,Sometimes,,,,,,,,,,,,,,,,,,,,,,,,,,,,,,,,,,,,,,,,,,
less than 1 year,Not Proficient,About half the time,,Neither agree nor disagree,Somewhat agree,Neither agree nor disagree,Somewhat agree,Neither agree nor disagree,Somewhat agree,Somewhat agree,Somewhat agree,Neither agree nor disagree,Somewhat agree,Somewhat disagree,Neither agree nor disagree,Neither agree nor disagree,Neither agree nor disagree,Somewhat disagree,Neither agree nor disagree,Neither agree nor disagree,Somewhat agree,Neither agree nor disagree,Somewhat agree,Neither agree nor disagree,Neither agree nor disagree,Neither agree nor disagree,Neither agree nor disagree,Neither agree nor disagree,Neither agree nor disagree,Neither agree nor disagree,Neither agree nor disagree,Neither Agree nor Disagree,Somewhat Agree,Somewhat Disagree,Somewhat Agree,Somewhat agree,Somewhat agree,Somewhat agree,Somewhat agree,Somewhat Disagree,Somewhat Agree,Somewhat agree,Somewhat agree,Somewhat disagree,Somewhat agree,Somewhat agree
1-2 years,Low proficiency,Most of the time,ERC20, ERC721, ERC1155,Somewhat agree,Somewhat agree,Somewhat agree,Neither agree nor disagree,Somewhat agree,Neither agree nor disagree,Strongly agree,Somewhat agree
less than 1 year,Low proficiency,Never,NA,Strongly Disagree,Strongly Disagree,Neither agree nor disagree,Somewhat disagree,Neither agree nor disagree,Strongly agree,Strongly agree,Neither agree nor disagree,Neither agree nor disagree,Strongly agree,Somewhat agree,Somewhat agree,Strongly disagree,Strongly disagree,Strongly disagree,Strongly disagree,Strongly agree,Strongly agree,Strongly agree,Strongly agree,Strongly disagree,Somewhat agree,Neither agree nor disagree,Neither agree nor disagree,Neither agree nor disagree,Neither agree nor disagree,Neither agree nor disagree,Neither agree nor disagree,Neither Agree nor Disagree,Neither Agree nor Disagree,Neither Agree nor Disagree,Neither Agree nor Disagree,Neither Agree nor Disagree,Neither Agree nor Disagree,Neither Agree nor Disagree,Neither Agree nor Disagree,Neither Agree nor Disagree,Neither Agree nor Disagree,Neither agree nor disagree,Neither agree nor disagree,Neither agree nor disagree,Neither agree nor disagree,Neither agree nor disagree
2-5 years,Proficient,Most of the time,erc-20, erc-721, erc-1155, erc-712,Somewhat agree,Somewhat agree,Somewhat agree,Neither agree nor disagree,Somewhat agree,Somewhat disagree,Somewhat agree,Strongly agree,Strongly agree,Strongly agree,Strongly Agree,Strongly disagree,Somewhat agree,Neither agree nor disagree,Strongly Agree,Somewhat agree,Somewhat disagree,Somewhat agree,Somewhat agree,Neither agree nor disagree,Strongly agree,Strongly agree,Somewhat agree,Somewhat agree,Neither agree nor disagree,Strongly agree,Strongly disagree,Strongly agree,Strongly Agree,Strongly Agree,Strongly Agree,Strongly Agree,Strongly Agree,Strongly Agree,Strongly Agree,Somewhat agree,Somewhat Agree,Strongly Agree,Neither agree nor disagree,Neither agree nor disagree,Somewhat agree,Neither agree nor disagree,Somewhat agree