ERC,Description,Requires,Table of Contents,Abstract,Motivation,Specification,Rationale,Backwards Compatibility,Security Considerations,Requirements Analysis,EIP_Requirements Analysis,Security Impact Analysis,Critical Requirements,Optional Requirements
ERC20,ERC-20: Token Standard : ,,"Simple Summary; Abstract; Motivation; Specification; Token

Methods
Events; Methods; Events; Implementation; History; Copyright","{'Main Content': 'The following standard allows for the implementation of a standard API for tokens within smart contracts.\nThis standard provides basic functionality to transfer tokens, as well as allow tokens to be approved so they can be spent by another on-chain third party.'}",{'Main Content': 'A standard interface allows any tokens on Ethereum to be re-used by other applications: from wallets to decentralized exchanges.'},"{'Methods': 'NOTES:\n• The following specifications use syntax from Solidity 0.4.17 (or above)\n• Callers MUST handle false from returns (bool success).  Callers MUST NOT assume that false is never returned!', 'name': 'Returns the name of the token - e.g. ""MyToken"".\nOPTIONAL - This method can be used to improve usability,\nbut interfaces and other contracts MUST NOT expect these values to be present.\nfunction name() public view returns (string)', 'symbol': 'Returns the symbol of the token. E.g. “HIX”.\nOPTIONAL - This method can be used to improve usability,\nbut interfaces and other contracts MUST NOT expect these values to be present.\nfunction symbol() public view returns (string)', 'decimals': 'Returns the number of decimals the token uses - e.g. 8, means to divide the token amount by 100000000 to get its user representation.\nOPTIONAL - This method can be used to improve usability,\nbut interfaces and other contracts MUST NOT expect these values to be present.\nfunction decimals() public view returns (uint8)', 'totalSupply': 'Returns the total token supply.\nfunction totalSupply() public view returns (uint256)', 'balanceOf': 'Returns the account balance of another account with address _owner.\nfunction balanceOf(address _owner) public view returns (uint256 balance)', 'transfer': 'Transfers _value amount of tokens to address _to, and MUST fire the Transfer event.\nThe function SHOULD throw if the message caller’s account balance does not have enough tokens to spend.\nNote Transfers of 0 values MUST be treated as normal transfers and fire the Transfer event.\nfunction transfer(address _to, uint256 _value) public returns (bool success)', 'transferFrom': 'Transfers _value amount of tokens from address _from to address _to, and MUST fire the Transfer event.\nThe transferFrom method is used for a withdraw workflow, allowing contracts to transfer tokens on your behalf.\nThis can be used for example to allow a contract to transfer tokens on your behalf and/or to charge fees in sub-currencies.\nThe function SHOULD throw unless the _from account has deliberately authorized the sender of the message via some mechanism.\nNote Transfers of 0 values MUST be treated as normal transfers and fire the Transfer event.\nfunction transferFrom(address _from, address _to, uint256 _value) public returns (bool success)', 'approve': 'Allows _spender to withdraw from your account multiple times, up to the _value amount. If this function is called again it overwrites the current allowance with _value.\nNOTE: To prevent attack vectors like the one described here and discussed here,\nclients SHOULD make sure to create user interfaces in such a way that they set the allowance first to 0 before setting it to another value for the same spender.\nTHOUGH The contract itself shouldn’t enforce it, to allow backwards compatibility with contracts deployed before\nfunction approve(address _spender, uint256 _value) public returns (bool success)', 'allowance': 'Returns the amount which _spender is still allowed to withdraw from _owner.\nfunction allowance(address _owner, address _spender) public view returns (uint256 remaining)', 'Events': '', 'Transfer': 'MUST trigger when tokens are transferred, including zero value transfers.\nA token contract which creates new tokens SHOULD trigger a Transfer event with the _from address set to 0x0 when tokens are created.\nevent Transfer(address indexed _from, address indexed _to, uint256 _value)', 'Approval': 'MUST trigger on any successful call to approve(address _spender, uint256 _value).\nevent Approval(address indexed _owner, address indexed _spender, uint256 _value)'}",{'Section not found': ''},{'Section not found': ''},{'Section not found': ''},"### Critical Requirements (Must Implement)

**1. `totalSupply`:**
   - **Criticality:** Essential for defining the total number of tokens available in the system.
   - **Vulnerabilities if Omitted:** Without it, the supply of tokens cannot be verified, leading to potential inflation or deflation scenarios that could be exploited.
   - **Explicit Warnings:** None specified, but its absence would fundamentally break the tokenomics.

**2. `balanceOf`:**
   - **Criticality:** Necessary to check the token balance of any account, fundamental for token operations.
   - **Vulnerabilities if Omitted:** Without this, it's impossible to verify how many tokens an account holds, leading to issues in validating transactions.
   - **Explicit Warnings:** None, but integral to the functioning of ERC20 tokens.

**3. `transfer`:**
   - **Criticality:** Core method for moving tokens between accounts.
   - **Vulnerabilities if Omitted:** The basic functionality of a token (transferring from one party to another) would be non-existent.
   - **Explicit Warnings:** Should throw if the sender does not have enough tokens. Transfers of 0 values must be treated as normal transfers and fire the Transfer event.

**4. `transferFrom`:**
   - **Criticality:** Allows tokens to be spent by third parties, crucial for many DApps.
   - **Vulnerabilities if Omitted:** Would limit the functionality for decentralized applications requiring token management on behalf of users.
   - **Explicit Warnings:** Should throw unless the sender is authorized.

**5. `approve`:**
   - **Criticality:** Sets allowance for another account to withdraw a certain amount of tokens on behalf of the token owner.
   - **Vulnerabilities if Omitted:** Would prevent any third-party or contract from managing tokens, reducing functionality.
   - **Explicit Warnings:** Recommends setting allowances to zero before resetting them to a new value to prevent attack vectors.

**6. `allowance`:**
   - **Criticality:** Checks the amount of tokens that an account is still allowed to withdraw from another.
   - **Vulnerabilities if Omitted:** Without it, it would be impossible to verify how much a spender is authorized to use, leading to potential misuse or errors in token spending.

**Events:**
   - **`Transfer`:** Must trigger on token transfers, including zero-value transfers.
   - **`Approval`:** Must trigger on any successful call to `approve`.

### Optional Requirements (Can Omit)

**1. `name`, `symbol`, `decimals`:**
   - **Rationale for Optionality:** These are primarily for user interface enhancement and do not impact the core functionalities of the token contract.
   - **Functionality Impact if Omitted:** Only affects the readability and recognition of the token but does not impact its operability.

### Security Implications

- **Failure to Implement Mandatory Methods:** Leads to non-compliance with the ERC20 standard, resulting in tokens that cannot interact properly with wallets and exchanges expecting standard behaviors.
- **Improper Handling of `approve` and `transferFrom`:** Can lead to re-entrancy attacks or other exploits if not correctly managed.

### Functional Consequences

- **Partial Implementation:** If critical functions like `transfer` or `balanceOf` are missing or partially implemented, the token will not function as expected in the ecosystem, leading to potential loss of funds or failed transactions.

### Malicious Exploit Potential

- **Omitting `approve` Checks:** If the contract does not reset allowances properly or checks for overflows, it could allow attackers to repeatedly withdraw tokens, exploiting the approval mechanism.
- **Ignoring Return Values from `transfer`:** If other contracts interacting with an ERC20 token do not properly handle the return values from `transfer`, it could lead to assumptions of successful transactions when they have failed.

### Conclusion

The ERC20 standard specifies a set of mandatory methods and events that ensure the token's operability within the broader Ethereum ecosystem. Optional methods enhance usability but do not impact the core functionality. Ignoring or partially implementing these requirements can lead to security vulnerabilities, functional breakdowns, and potential exploits, severely affecting the token's utility and trustworthiness.","### Mandatory vs Optional Requirements Analysis

#### 1. Dependencies for an ERC (like EIP-20, EIP-712 for ERC2612):
- **Mandatory (MUST implement) vs Optional (MAY implement):**
  - **Mandatory:** Core functions such as `totalSupply`, `balanceOf`, `transfer`, `transferFrom`, `approve`, and `allowance` are mandatory. These are essential for basic token functionality and ensure that the token adheres to the ERC20 standard, enabling interoperability across different platforms and contracts.
  - **Optional:** Functions like `name`, `symbol`, and `decimals` are optional. These are primarily for user interface enhancement and do not impact the core functionality of the token. Making these optional allows for greater flexibility in how tokens can be implemented and used.

- **Reason for Mandatory/Optional Requirement:**
  - **Mandatory:** Ensuring that all ERC20 tokens implement these functions guarantees a uniform behavior across tokens on the Ethereum network, which is crucial for developers and services that integrate these tokens.
  - **Optional:** Providing flexibility in non-essential features allows token creators to decide what additional information is necessary for their use case, reducing the overhead for tokens that do not require these features.

#### 2. Impact of Not Implementing Dependencies:
- **Core Functionality Breakage:**
  - Without mandatory methods like `transfer` or `approve`, the token cannot be moved or utilized in decentralized applications (DApps), effectively rendering the token useless in the ecosystem.
- **Security Mechanisms Compromised:**
  - Omitting functions like `approve` and `allowance` can lead to vulnerabilities in managing allowances, potentially leading to unauthorized token spending.
- **Compliance:**
  - A token failing to implement the mandatory functions would not be ERC20 compliant, affecting its acceptance and usability across various platforms and exchanges.

### Consequences of Non-Compliance

#### 1. Security Impact:
- **Software Bugs and Vulnerabilities:**
  - Missing `approve` and `allowance` could lead to race conditions known as ""approval double-spend"" where users could exploit the approval mechanism to spend more tokens than intended.
- **Malicious Activities:**
  - Attackers could exploit missing checks in `transfer` and `transferFrom` to manipulate token balances or cause denial of service.
- **Historical Exploits:**
  - The DAO attack and the Parity wallet bug are examples where improper handling of token standards and smart contract guidelines led to significant financial losses.
- **Worst-case Attack Scenarios:**
  - Total loss of funds, unauthorized fund access, and large-scale disruption of token usability within the ecosystem.

#### 2. Functional Impact:
- **Unusable Features:**
  - Without `transfer` and `transferFrom`, token transfer functionality would be completely disabled.
- **Interoperability:**
  - Non-compliance with ERC20 standards would lead to interoperability issues with wallets, exchanges, and other contracts expecting standard ERC20 behavior.
- **Standard Compliance Checks:**
  - The contract would fail ERC20 compliance checks, affecting its credibility and security assurances.

#### 3. Ecosystem Impact:
- **Handling by Wallets/Exchanges/DApps:**
  - Non-compliant tokens might be rejected or not listed by major exchanges and wallets, severely limiting their usability and circulation.
- **Interaction with Major Infrastructure:**
  - Non-compliant tokens would face challenges in interacting with established contracts and services that rely on standard ERC20 functions, potentially isolating them from the broader Ethereum ecosystem.

In conclusion, adherence to the ERC20 standard is crucial for ensuring the security, functionality, and broad acceptance of tokens within the Ethereum ecosystem. Optional features allow flexibility, while mandatory features ensure essential functionality and security.","Analyzing the ERC20 token standard and its specifications, we can identify potential security vulnerabilities, attack vectors, historical incidents, worst-case scenarios, and recommended mitigation strategies related to ignoring or incompletely implementing the requirements.

### 1. Security Vulnerabilities from Ignored Requirements

Ignoring the requirements of the ERC20 standard can lead to several security vulnerabilities:
- **Reentrancy Attacks**: If the `transfer` and `transferFrom` functions do not properly manage state before transferring funds, they could be susceptible to reentrancy attacks where an attacker can repeatedly call the function to drain the contract's funds.
- **Integer Overflow/Underflow**: Without proper validation, operations on token balances could suffer from overflow (exceeding the maximum value) or underflow (dropping below zero), leading to incorrect balance adjustments.
- **Unexpected Behavior from Optional Functions**: If optional functions like `name`, `symbol`, and `decimals` are used by other contracts assuming their presence, it could lead to failures or unexpected behaviors in those contracts.

### 2. Specific Attack Vectors Enabled

- **Allowance Double-Spend (Race Condition)**: If the `approve` function does not enforce setting allowances to zero before changing them, an attacker could exploit the race condition to spend more than the approved amount.
- **Fake Transfer Events**: If the `Transfer` event is not properly triggered or is falsified, it could mislead external entities or contracts about the actual token movements, affecting trust and operations.
  
### 3. Historical Incidents Related to Incomplete Implementations

- **The DAO Attack**: While not directly related to ERC20, the principles of reentrancy attacks seen in The DAO incident can similarly affect ERC20 tokens if `transfer` and `transferFrom` functions are not securely implemented.
- **BatchOverflow and ProxyOverflow**: These were actual attacks exploiting integer overflow vulnerabilities in ERC20 tokens, leading to the creation of an astronomical amount of tokens and subsequent market manipulation.

### 4. Worst-Case Scenarios from Requirement Omission

- **Total Loss of Funds**: Through vulnerabilities like reentrancy and overflow/underflow, there could be a total loss of funds stored in the token contract.
- **Loss of Credibility and Legal Issues**: Non-compliance with the standard and subsequent losses could lead to loss of user trust and potential legal repercussions for the developers and company behind the token.

### 5. Recommended Mitigation Strategies

- **Adhere to the ERC20 Standard**: Fully implement all mandatory aspects of the ERC20 standard, including handling of `Transfer` and `Approval` events.
- **Use Safe Math Libraries**: To prevent overflow and underflow, use libraries like OpenZeppelin’s SafeMath for arithmetic operations.
- **Reentrancy Guards**: Implement modifiers or checks to prevent reentrant calls to sensitive functions.
- **Thorough Testing and Audits**: Conduct comprehensive testing, including unit tests, integration tests, and audits by reputable third-party security firms.
- **Clear Documentation**: Clearly document the behavior of the token, especially if optional functions are omitted or modified, to ensure that all interacting parties have correct expectations.

By understanding and addressing these aspects, developers can significantly enhance the security and reliability of ERC20 tokens, ensuring they operate as intended and maintain user trust.",MUST | MUST | MUST,OPTIONAL | OPTIONAL | OPTIONAL
ERC165,ERC-165: Standard Interface Detection : ,EIP-214,"Simple Summary; Abstract; Motivation; Specification

How Interfaces are Identified
How a Contract will Publish the Interfaces it Implements
How to Detect if a Contract Implements ERC-165
How to Detect if a Contract Implements any Given Interface; How Interfaces are Identified; How a Contract will Publish the Interfaces it Implements; How to Detect if a Contract Implements ERC-165; How to Detect if a Contract Implements any Given Interface; Rationale; Backwards Compatibility; Test Cases; Implementation; Version history; Copyright","{'Main Content': 'Herein, we standardize the following:\n- How interfaces are identified\n- How a contract will publish the interfaces it implements\n- How to detect if a contract implements ERC-165\n- How to detect if a contract implements any given interface'}","{'Main Content': 'For some “standard interfaces” like the ERC-20 token interface, it is sometimes useful to query whether a contract supports the interface and if yes, which version of the interface, in order to adapt the way in which the contract is to be interacted with. Specifically for ERC-20, a version identifier has already been proposed. This proposal standardizes the concept of interfaces and standardizes the identification (naming) of interfaces.'}","{'How Interfaces are Identified': 'For this standard, an interface is a set of function selectors as defined by the Ethereum ABI. This a subset of Solidity’s concept of interfaces and the  interface keyword definition which also defines return types, mutability and events.\nWe define the interface identifier as the XOR of all function selectors in the interface. This code example shows how to calculate an interface identifier:\npragma solidity ^0.4.20;\n\ninterface Solidity101 {\n    function hello() external pure;\n    function world(int) external pure;\n}\n\ncontract Selector {\n    function calculateSelector() public pure returns (bytes4) {\n        Solidity101 i;\n        return i.hello.selector ^ i.world.selector;\n    }\n}\nNote: interfaces do not permit optional functions, therefore, the interface identity will not include them.', 'How a Contract will Publish the Interfaces it Implements': ""A contract that is compliant with ERC-165 shall implement the following interface (referred as ERC165.sol):\npragma solidity ^0.4.20;\n\ninterface ERC165 {\n    /// @notice Query if a contract implements an interface\n    /// @param interfaceID The interface identifier, as specified in ERC-165\n    /// @dev Interface identification is specified in ERC-165. This function\n    ///  uses less than 30,000 gas.\n    /// @return `true` if the contract implements `interfaceID` and\n    ///  `interfaceID` is not 0xffffffff, `false` otherwise\n    function supportsInterface(bytes4 interfaceID) external view returns (bool);\n}\nThe interface identifier for this interface is 0x01ffc9a7. You can calculate this by running bytes4(keccak256('supportsInterface(bytes4)')); or using the Selector contract above.\nTherefore the implementing contract will have a supportsInterface function that returns:\n• true when interfaceID is 0x01ffc9a7 (EIP165 interface)\n• false when interfaceID is 0xffffffff\n• true for any other interfaceID this contract implements\n• false for any other interfaceID\nThis function must return a bool and use at most 30,000 gas.\nImplementation note, there are several logical ways to implement this function. Please see the example implementations and the discussion on gas usage."", 'How to Detect if a Contract Implements ERC-165': '- The source contract makes a STATICCALL to the destination address with input data: 0x01ffc9a701ffc9a700000000000000000000000000000000000000000000000000000000 and gas 30,000. This corresponds to contract.supportsInterface(0x01ffc9a7).\n- If the call fails or return false, the destination contract does not implement ERC-165.\n- If the call returns true, a second call is made with input data 0x01ffc9a7ffffffff00000000000000000000000000000000000000000000000000000000.\n- If the second call fails or returns true, the destination contract does not implement ERC-165.\n- Otherwise it implements ERC-165.', 'How to Detect if a Contract Implements any Given Interface': '- If you are not sure if the contract implements ERC-165, use the above procedure to confirm.\n- If it does not implement ERC-165, then you will have to see what methods it uses the old-fashioned way.\n- If it implements ERC-165 then just call supportsInterface(interfaceID) to determine if it implements an interface you can use.'}",{'Main Content': 'We tried to keep this specification as simple as possible. This implementation is also compatible with the current Solidity version.'},{'Main Content': 'The mechanism described above (with 0xffffffff) should work with most of the contracts previous to this standard to determine that they do not implement ERC-165.\nAlso the ENS already implements this EIP.'},{'Section not found': ''},"### Critical Requirements (Must Implement)

1. **Interface Identification Calculation**:
   - **Criticality**: Essential for the correct identification of interfaces a contract implements.
   - **Vulnerability if Omitted**: Without the correct calculation of interface identifiers using XOR of function selectors, it would be impossible to verify if a contract implements a specific interface, leading to potential misinterpretation and misuse of the contract.

2. **Implementation of `supportsInterface` Function**:
   - **Criticality**: Core to ERC-165; it allows other contracts to verify which interfaces are supported.
   - **Vulnerability if Omitted**: If this function is not implemented, other contracts cannot reliably detect supported interfaces, leading to failures in interaction and integration.

3. **Correct Response to Interface Queries**:
   - **Criticality**: Ensures accurate reporting of supported interfaces.
   - **Vulnerability if Omitted**: Incorrect responses can mislead other contracts about the capabilities of the contract, potentially causing erroneous operations.

### Optional Requirements (Can Omit)

- The standard does not explicitly mention any optional requirements. All specified elements are crucial for the functionality and integrity of the standard.

### Security Implications

- **Incorrect Implementation of `supportsInterface`**: If this function does not strictly follow the specification, it could lead to incorrect identification of supported interfaces, which might be exploited to invoke unintended functions.
- **Gas Usage**: The function `supportsInterface` must use less than 30,000 gas. Exceeding this could allow denial-of-service (DoS) attacks by making it costly to verify interfaces.

### Functional Consequences

- **Partial Implementation**: If a contract implements `supportsInterface` but does not correctly calculate interface identifiers, or if it returns incorrect values, it will lead to other contracts misinterpreting its capabilities, potentially leading to failed transactions or incorrect operations.
- **Backward Compatibility Issues**: Ignoring requirements or incorrect implementation can lead to compatibility issues with other contracts expecting ERC-165 compliance, as these contracts rely on accurate interface detection.

### Malicious Exploit Potential

- **Misreporting Interface Support**: A contract could falsely claim to support certain interfaces, tricking other contracts into interacting with it under false pretenses, potentially leading to unintended actions or loss of funds.
- **DoS Attacks**: If the gas usage is not managed as specified, an attacker could deliberately invoke `supportsInterface` repeatedly to drain the resources of a target contract.

### Summary of EIP-214 Requirement

- **Criticality to ERC-165**: EIP-214 is a prerequisite that likely influences some aspects of ERC-165, though the direct relationship isn't detailed in the provided text.
- **Potential Vulnerabilities if Omitted**: Not implementing or incorrectly implementing aspects of EIP-214 could undermine the integrity of interface detection and interaction.
- **Explicit Warnings**: None specified directly linked to EIP-214.
- **Conditional Requirements**: The standard mandates strict adherence to its specifications without explicitly conditional language, emphasizing ""must"" over ""should"".

In conclusion, ERC-165 requires strict compliance with its specifications to ensure reliable and secure detection of contract interfaces in the Ethereum ecosystem. Ignoring or partially implementing these requirements not only leads to functional breakdowns but also opens up avenues for security vulnerabilities and potential malicious exploits.","### Mandatory vs Optional Requirements Analysis

#### Dependencies Analysis for ERC-165
1. **Mandatory Dependencies**: 
   - **EIP-214**: Not directly mentioned in the ERC-165 documentation, but Solidity version compatibility (mentioned in the rationale) suggests that features from newer EIPs like EIP-214 (which introduces new opcode `STATICCALL` used in ERC-165) are essential. This opcode is crucial for ensuring that calls to `supportsInterface` do not alter the state, which is a core requirement for ERC-165 to function correctly.

   - **Reason for Mandatoriness**: The use of `STATICCALL`, introduced in EIP-214, is mandatory because it ensures that the `supportsInterface` function can be executed without causing state changes. This is critical for the integrity and reliability of interface detection, as the function needs to be purely informational and should not affect the contract's state.

2. **Impact of Not Implementing Mandatory Dependencies**:
   - **Core Functionality Breakage**: Without `STATICCALL`, the `supportsInterface` method could potentially alter the state when called, which would violate the principle of detection-only interaction and could lead to incorrect interface reporting.
   - **Security Mechanisms Compromised**: The integrity of contract interaction is compromised as state-changing detection calls could be abused to alter contract behavior under the guise of interface checking.
   - **Compliance**: A contract would not be compliant with ERC-165 if it fails to implement the detection mechanism as specified, which includes the use of `STATICCALL`.

### Consequences of Non-Compliance

#### Security Impact
- **Software Bugs**: Incorrect implementation of `supportsInterface` could lead to false positives/negatives in interface support detection, leading to erroneous interactions with the contract.
- **Vulnerabilities**: State-changing `supportsInterface` calls could be exploited to alter contract states in unintended ways.
- **Malicious Activities**: Attackers could target contracts that incorrectly implement `supportsInterface` to manipulate contract behavior or to cause denial of service by crafting inputs that exploit the state-changing calls.
- **Historical Exploits**: While specific exploits related to ERC-165 are not widely documented, the general class of vulnerabilities involving incorrect interface implementations and state changes in what should be view/pure functions is a known risk area in smart contract security.
- **Worst-case Scenarios**: An attacker could potentially disable a contract or manipulate its functions through crafted calls to a faulty `supportsInterface` implementation.

#### Functional Impact
- **Unusable Features**: Contracts depending on accurate interface support detection might fail to function as intended if `supportsInterface` is incorrectly implemented.
- **Interoperability Affected**: The ability of different contracts and platforms to interact seamlessly would be compromised, as interface detection is key to enabling cross-contract interactions.
- **Standard Compliance Checks**: Contracts would fail ERC-165 compliance checks if they do not correctly implement the interface detection as specified, including adherence to gas usage limits and non-state-changing calls.

#### Ecosystem Impact
- **Handling by Wallets/Exchanges/DApps**: Non-compliant contracts might be flagged or even excluded from listings and interactions in various platforms that rely on standard compliance for automated processing and integration.
- **Integration with Major Infrastructure**: Major infrastructure components that rely on standard interfaces for automated interactions (like DeFi protocols, NFT platforms, etc.) would face integration issues with non-compliant contracts, potentially leading to exclusion from these ecosystems.

In conclusion, strict adherence to the specifications, including mandatory dependencies like EIP-214 for ERC-165, is crucial for maintaining the security, functionality, and broad ecosystem compatibility of Ethereum contracts.","Analyzing the ERC-165 standard, particularly with reference to EIP-214 and the specified sections, we can delve into the potential risks and mitigation strategies associated with ignoring the requirements of this standard.

### 1. Security Vulnerabilities if Requirements are Ignored

Ignoring the requirements of ERC-165 can lead to several security vulnerabilities:
- **Interface Confusion**: Without a standard method to verify if a contract implements a specific interface, other contracts might interact incorrectly, assuming the presence of functions that do not exist, leading to failed transactions or unintended behaviors.
- **Contract Spoofing**: Malicious contracts could pretend to support certain interfaces and deceive other contracts into interacting with them, potentially leading to loss of funds or information.

### 2. Specific Attack Vectors Enabled

By not adhering to ERC-165, specific attack vectors are enabled:
- **Fake Interface Implementation**: An attacker could deploy a contract that falsely claims to implement popular interfaces to trick other contracts or users into interacting with it.
- **Denial of Service (DoS)**: If a contract incorrectly assumes the presence of certain functions due to improper interface checks, it could lead to repeated failed transactions, effectively resulting in a DoS attack.

### 3. Historical Incidents Related to Incomplete Implementations

While specific historical incidents related to ERC-165 are not well-documented publicly, the general class of bugs related to interface misimplementation has led to issues in smart contracts, where functions were either not implemented as expected or were missing, leading to loss of funds or frozen assets.

### 4. Worst-Case Scenarios from Requirement Omission

The worst-case scenarios from not implementing ERC-165 correctly include:
- **Loss of Funds**: Incorrect assumptions about interface support can lead to transactions that send funds to contracts unable to handle them properly, resulting in lost funds.
- **Smart Contract Freeze**: Critical operations may depend on interface calls that do not exist, potentially freezing operations within a smart contract ecosystem.

### 5. Recommended Mitigation Strategies

To mitigate the risks associated with ignoring ERC-165 requirements, consider the following strategies:
- **Proper Implementation and Testing**: Ensure that all contracts correctly implement and declare their interface support using the ERC-165 standard. Use thorough testing and possibly formal verification to confirm the implementation.
- **Interface Verification**: Before interacting with an unknown contract, verify its interface support using the `supportsInterface` method as described in ERC-165.
- **Use of Tooling and Libraries**: Utilize existing libraries and tools that automate the process of interface checking and adhere to best practices in contract development.
- **Monitoring and Auditing**: Regularly audit and monitor contracts for changes in their interface support to detect any potential malicious changes or inconsistencies.

By understanding and implementing these strategies, developers can significantly reduce the risks associated with interface mismanagement in smart contracts, leading to a more secure and reliable Ethereum ecosystem.",,
